id,commodity,unit,hyvee_everyday,hyvee_ad,hyvee_ad_from,hyvee_ad_to,hyvee_shown,aldi_everyday,aldi_ad,aldi_ad_from,aldi_ad_to,aldi_shown,familyfare_everyday,familyfare_ad,familyfare_ad_from,familyfare_ad_to,familyfare_shown,fareway_everyday,fareway_ad,fareway_ad_from,fareway_ad_to,fareway_shown,bakers_everyday,bakers_ad,bakers_ad_from,bakers_ad_to,bakers_shown,sams_everyday,sams_ad,sams_ad_from,sams_ad_to,sams_shown,walmart_everyday,walmart_ad,walmart_ad_from,walmart_ad_to,walmart_shown
rotisserie-chicken,Rotisserie Chicken,each,5.99,,,,5.99,,,,,,7.99,,,,7.99,8.99,,,,8.99,8.99,,,,8.99,4.98,,,,4.98,5.97,,,,5.97
pork-tenderloin,Pork Tenderloin,lb,4.99,3.88,2026-08-31,2026-09-27,3.88,3.59,,,,3.59,5.49,,,,5.49,3.99,,,,3.99,,,,,,2.98,,,,2.98,3.9707,4.4398,2026-08-31,2026-09-30,3.9707
corn-dogs,Corn Dogs (frozen),each,0.8067,,,,0.8067,,,,,,0.6244,,,,0.6244,1.3725,,,,1.3725,0.4994,,,,0.4994,0.449,,,,0.449,0.4356,,,,0.4356
egg-noodles,Egg Noodles,oz,0.2056,,,,0.2056,0.1088,,,,0.1088,0.1825,,,,0.1825,,,,,,0.1244,,,,0.1244,0.1425,,,,0.1425,0.1088,,,,0.1088
cranberry-sauce,Cranberry Sauce (canned),oz,0.1271,,,,0.1271,,,,,,0.1993,,,,0.1993,0.1914,0.1771,2026-08-11,2026-09-10,0.1771,0.1421,,,,0.1421,0.1426,,,,0.1426,0.1186,,,,0.1186
cotton-swabs,Cotton Swabs,each,0.0133,,,,0.0133,0.0043,,,,0.0043,0.0056,,,,0.0056,0.0205,0.0146,2026-08-11,2026-09-10,0.0146,0.0047,,,,0.0047,0.0053,,,,0.0053,0.0033,,,,0.0033
pineapple,Pineapple (whole),each,3.99,,,,3.99,1.89,,,,1.89,,,,,,2.12,1.68,,,1.68,,,,,,2.97,,,,2.97,1.98,1.88,2026-09-05,2026-10-05,1.88
toilet-paper,Toilet Paper,each,0.7492,0.5825,2026-08-31,2026-09-06,0.5825,,,,,,0.8121,,,,0.8121,0.7483,0.4975,2026-08-31,2026-09-30,0.4975,0.5658,0.5408,2026-07-22,2026-09-16,0.5408,0.5502,,,,0.5502,0.9725,,,,0.9725
plastic-wrap,Plastic Wrap,each,2.99,,,,2.99,,,,,,2.79,,,,2.79,2.99,2.68,2026-08-11,2026-09-10,2.68,2.29,,,,2.29,3.49,,,,3.49,2.14,,,,2.14
frozen-cauliflower-rice,Frozen Cauliflower Rice,oz,,,,,,0.1492,,,,0.1492,,,,,,,,,,,,,,,,,,,,,0.1867,,,,0.1867
butternut-squash,Butternut Squash,lb,1.492,,,,1.492,1.29,,,,1.29,1.99,,,,1.99,1.49,,,,1.49,1.49,,,,1.49,,,,,,1.54,,,,1.54
baby-potatoes,Baby Potatoes,lb,,,,,,2.1933,,,,2.1933,3.3267,,,,3.3267,1.6633,0.9967,2026-08-09,2026-09-08,0.9967,2,,,,2,,,,,,2.52,,,,2.52
almond-flour,Almond Flour,lb,,,,,,6.65,,,,6.65,9.99,,,,9.99,,,,,,7.49,,,,7.49,,,,,,5.4925,,,,5.4925
gelatin,Gelatin (Jell-O),each,0.99,,,,0.99,0.98,,,,0.98,,,,,,,2.47,2026-08-20,2026-09-19,2.47,,,,,,,,,,,0.92,,,,0.92
parchment-paper,Parchment Paper,each,,,,,,,,,,,3.29,,,,3.29,3.99,2.99,2026-08-11,2026-09-10,2.99,3.99,,,,3.99,7.76,,,,7.76,2.96,,,,2.96
canned-white-beans,Canned White Beans (Great Northern / Cannellini / Navy),oz,0.0639,,,,0.0639,0.0548,,,,0.0548,0.1413,,,,0.1413,0.0865,0.0639,2026-08-09,2026-09-08,0.0639,0.0645,,,,0.0645,,,,,,0.0594,,,,0.0594
vegetable-broth,Vegetable Broth / Stock,floz,0.0788,,,,0.0788,0.0528,,,,0.0528,0.0809,,,,0.0809,0.1091,0.0775,2026-08-11,2026-09-10,0.0775,0.0497,,,,0.0497,,,,,,0.0469,,,,0.0469
ground-pork,Ground Pork,lb,,,,,,3.29,,,,3.29,4.49,,,,4.49,3.99,,,,3.99,6,,,,6,2.98,,,,2.98,3.9467,,,,3.9467
papaya,Papaya,each,,,,,,,,,,,,,,,,,,,,,,,,,,3.27,,,,3.27,,,,,
oven-cleaner,Oven Cleaner,oz,0.4131,,,,0.4131,,,,,,0.5855,,,,0.5855,0.4131,0.3779,2026-08-11,2026-09-10,0.3779,0.4683,,,,0.4683,0.2498,,,,0.2498,0.2794,,,,0.2794
pita-bread,Pita Bread,each,0.615,,,,0.615,,,,,,0.9975,,,,0.9975,0.798,,,,0.798,0.4983,,,,0.4983,0.4927,,,,0.4927,0.87,,,,0.87
paper-towels,Paper Towels,each,0.9933,,,,0.9933,0.5825,,,,0.5825,1.4988,,,,1.4988,2.2475,2.3267,,,2.2475,1.4983,1.665,2026-09-02,2026-09-09,1.4983,1.7488,,,,1.7488,1.14,,,,1.14
string-cheese,String Cheese,oz,,,,,,0.2575,,,,0.2575,0.3992,,,,0.3992,0.349,,,,0.349,0.229,0.4167,2026-08-12,2026-09-23,0.229,0.1973,,,,0.1973,0.2567,,,,0.2567
feminine-pads,Feminine Pads,each,0.3395,,,,0.3395,,,,,,0.1246,,,,0.1246,0.2081,0.1942,2026-08-09,2026-09-08,0.1942,0.1085,,,,0.1085,0.1216,,,,0.1216,0.0829,0.2044,2026-08-31,2026-09-30,0.0829
grits,Grits (quick),oz,0.1662,,,,0.1662,,,,,,0.1871,,,,0.1871,0.1246,,,,0.1246,0.1662,,,,0.1662,0.0449,,,,0.0449,0.135,,,,0.135
nectarines,Nectarines,lb,2.9818,,,,2.9818,1.845,,,,1.845,3.99,,,,3.99,,,,,,2.995,,,,2.995,2.1925,,,,2.1925,2.485,,,,2.485
plums,Plums,lb,2.99,,,,2.99,1.945,,,,1.945,3.49,,,,3.49,,,,,,2.6633,,,,2.6633,1.9886,,,,1.9886,2.735,,,,2.735
frosting,Frosting,oz,0.1212,,,,0.1212,0.1094,,,,0.1094,0.1431,,,,0.1431,0.1556,0.1244,2026-08-09,2026-09-08,0.1244,0.1244,0.1556,2026-09-02,2026-09-23,0.1244,0.0989,,,,0.0989,0.1099,,,,0.1099
toothbrushes,Toothbrushes,each,1,,,,1,0.975,,,,0.975,0.9317,,,,0.9317,1.245,,,,1.245,0.8225,,,,0.8225,1.6212,,,,1.6212,0.1667,,,,0.1667
cherries,Cherries (fresh),lb,6.99,,,,6.99,2.49,,,,2.49,,,,,,5.32,3.9867,2026-09-06,2026-10-06,3.9867,5.995,,,,5.995,3.74,,,,3.74,6.9689,,,,6.9689
white-wine,White Wine,floz,,,,,,0.1558,,,,0.1558,0.3365,,,,0.3365,,,,,,0.1571,0.2562,2026-08-20,2026-09-30,0.1571,0.2736,,,,0.2736,0.1561,,,,0.1561
shaving-cream,Shaving Cream,oz,0.3131,,,,0.3131,,,,,,0.3738,,,,0.3738,0.3173,0.2718,2026-08-11,2026-09-10,0.2718,0.279,,,,0.279,0.3361,,,,0.3361,0.198,,,,0.198
red-wine,Red Wine,floz,,,,,,0.1558,,,,0.1558,0.2756,,,,0.2756,,,,,,0.2358,0.4327,2026-08-20,2026-09-30,0.2358,0.2736,,,,0.2736,0.1364,0.8269,2026-08-31,2026-09-30,0.1364
tampons,Tampons,each,0.2827,,,,0.2827,,,,,,0.1998,,,,0.1998,0.3244,0.305,2026-08-09,2026-09-08,0.305,0.1886,,,,0.1886,0.1456,,,,0.1456,0.1661,0.2846,2026-08-31,2026-09-30,0.1661
whole-cloves,Whole cloves,oz,9.592,,,,9.592,,,,,,2.99,,,,2.99,,,,,,4.392,,,,4.392,1.0891,,,,1.0891,2.4923,,,,2.4923
shelled-edamame,Shelled Edamame,oz,,,,,,0.1556,,,,0.1556,,,,,,,,,,,0.3495,,,,0.3495,,,,,,0.2086,,,,0.2086
gruyere,Gruyere Cheese,oz,0.7129,,,,0.7129,0.3362,,,,0.3362,0.9988,,,,0.9988,1.7488,,,,1.7488,1.0612,,,,1.0612,,,,,,0.3814,,,,0.3814
sauerkraut,Sauerkraut (canned/jarred),oz,0.091,,,,0.091,0.0579,,,,0.0579,0.1174,,,,0.1174,0.1028,,,,0.1028,0.0959,0.0716,2026-08-08,2026-09-16,0.0716,,,,,,0.0767,,,,0.0767
relish,Sweet Relish,oz,0.259,,,,0.259,0.1056,,,,0.1056,0.199,,,,0.199,0.2181,0.1862,2026-08-09,2026-09-08,0.1862,0.1454,0.1878,2026-06-09,2026-09-07,0.1454,,,,,,0.155,0.172,2026-08-31,2026-09-30,0.155
banana-peppers,Banana Peppers / Pepperoncini,oz,0.2492,,,,0.2492,0.1556,,,,0.1556,0.2056,,,,0.2056,0.2056,0.18,2026-08-09,2026-09-08,0.18,0.1872,0.1869,2026-07-15,2026-09-09,0.1869,,,,,,0.1475,,,,0.1475
shaved-beef-steak,Shaved Beef Steak,lb,,,,,,7.3714,,,,7.3714,,,,,,,,,,,9.1314,,,,9.1314,8.735,,,,8.735,,,,,
cilantro,Cilantro (bunch),each,0.99,,,,0.99,0.89,,,,0.89,0.99,,,,0.99,1.49,,,,1.49,0.99,,,,0.99,,,,,,1.78,,,,1.78
red-wine-vinegar,Red Wine Vinegar,floz,0.1869,,,,0.1869,0.1769,,,,0.1769,0.1556,,,,0.1556,0.2355,0.1704,2026-08-11,2026-09-10,0.1704,0.1869,0.1681,2026-07-13,2026-09-07,0.1681,,,,,,0.18,,,,0.18
sazon-seasoning,Sazon Seasoning,oz,,,,,,0.5633,,,,0.5633,,,,,,,,,,,1.1986,,,,1.1986,,,,,,0.7289,,,,0.7289
canned-green-chilies,Canned Diced Green Chilies,oz,0.2557,,,,0.2557,0.2125,,,,0.2125,0.2975,,,,0.2975,0.4475,0.37,2026-08-09,2026-09-08,0.37,0.2475,0.3119,2026-07-22,2026-09-30,0.2475,,,,,,0.25,,,,0.25
mandarin-oranges,Canned Mandarin Oranges,oz,0.1327,,,,0.1327,0.0993,,,,0.0993,,,,,,0.1527,0.1293,2026-08-09,2026-09-08,0.1293,0.1327,,,,0.1327,,,,,,0.1231,,,,0.1231
grape-juice,Grape Juice,floz,0.067,,,,0.067,0.0461,,,,0.0461,0.0623,,,,0.0623,0.0702,0.0622,2026-08-11,2026-09-10,0.0622,0.0514,,,,0.0514,,,,,,0.0464,,,,0.0464
clam-chowder,Clam Chowder (canned),oz,0.1941,,,,0.1941,0.1319,,,,0.1319,,,,,,,,,,,0.159,,,,0.159,,,,,,0.132,0.2445,2026-08-31,2026-09-30,0.132
prunes,Prunes / Dried Plums,oz,0.4994,,,,0.4994,0.3328,,,,0.3328,0.4806,,,,0.4806,0.4579,0.4162,2026-08-11,2026-09-10,0.4162,0.3747,0.3328,2026-08-24,2026-10-19,0.3328,,,,,,0.1588,,,,0.1588
bacon-bits,Bacon Bits,oz,1.0878,,,,1.0878,0.78,,,,0.78,,,,,,,,,,,,,,,,,,,,,1.16,,,,1.16
ricotta,Ricotta Cheese,oz,0.2184,,,,0.2184,0.166,,,,0.166,0.1872,,,,0.1872,0.2184,0.1872,2026-08-09,2026-09-08,0.1872,0.183,,,,0.183,,,,,,0.1638,,,,0.1638
balsamic-vinegar,Balsamic Vinegar,floz,0.2361,,,,0.2361,0.1769,,,,0.1769,0.3914,,,,0.3914,0.2355,0.1704,2026-08-11,2026-09-10,0.1704,0.2806,0.2361,2026-08-26,2026-09-07,0.2361,,,,,,0.2425,,,,0.2425
caesar-dressing,Caesar Dressing,floz,0.1612,,,,0.1612,0.3075,,,,0.3075,0.1744,,,,0.1744,0.2175,0.1827,2026-08-11,2026-09-10,0.1827,0.1744,0.1244,2026-09-02,2026-09-09,0.1244,,,,,,0.1827,0.6212,2026-08-31,2026-09-30,0.1827
frozen-corn,Frozen Corn,oz,0.0783,,,,0.0783,0.0808,,,,0.0808,0.139,,,,0.139,0.1825,0.12,2026-08-09,2026-09-08,0.12,0.0915,,,,0.0915,,,,,,0.0775,,,,0.0775
radishes,Radishes,oz,0.1556,,,,0.1556,0.1181,,,,0.1181,0.1869,,,,0.1869,0.1244,,,,0.1244,0.1244,,,,0.1244,,,,,,0.362,,,,0.362
portobello-mushrooms,Portobello Mushrooms,lb,,,,,,6.64,,,,6.64,,,,,,,,,,,,,,,,,,,,,8.32,,,,8.32
canned-mixed-vegetables,Canned Mixed Vegetables,oz,0.064,,,,0.064,0.169,,,,0.169,,,,,,,,,,,0.0727,,,,0.0727,,,,,,0.064,,,,0.064
red-onion,Red Onions,lb,1.28,,,,1.28,1.095,,,,1.095,1.99,,,,1.99,,,,,,1.33,,,,1.33,,,,,,1.2867,,,,1.2867
jalapenos,Jalapeno Peppers,lb,2.99,,,,2.99,1.98,,,,1.98,2.49,,,,2.49,2.99,,,,2.99,1.99,,,,1.99,,,,,,1.96,1.76,2026-08-31,2026-09-30,1.76
garlic,Garlic (fresh),each,0.79,,,,0.79,0.5633,,,,0.5633,0.79,,,,0.79,0.6633,,,,0.6633,0.498,,,,0.498,,,,,,0.58,,,,0.58
celery,Celery,each,1.88,,,,1.88,1.99,,,,1.99,2.79,,,,2.79,1.99,2.99,,,1.99,2.59,,,,2.59,,,,,,2.37,,,,2.37
sugar-snap-peas,Sugar Snap Peas,oz,0.2325,,,,0.2325,0.3113,,,,0.3113,,,,,,0.4988,,,,0.4988,0.4056,,,,0.4056,,,,,,0.3162,,,,0.3162
fresh-ginger,Ginger Root,lb,5.99,,,,5.99,3.98,,,,3.98,4.99,,,,4.99,3.99,,,,3.99,3.9867,,,,3.9867,,,,,,3.6255,,,,3.6255
miracle-whip,Miracle Whip (Salad Dressing Spread),oz,0.1077,,,,0.1077,0.0963,,,,0.0963,0.233,,,,0.233,0.2327,0.1993,2026-08-11,2026-09-10,0.1993,,,,,,,,,,,,,,,
dijon-mustard,Dijon Mustard,oz,0.2075,,,,0.2075,0.1242,,,,0.1242,0.1825,,,,0.1825,0.2492,,,,0.2492,0.1575,0.4167,2026-08-19,2026-09-23,0.1575,,,,,,0.1433,,,,0.1433
italian-sausage,Italian Sausage,lb,4.88,,,,4.88,2.4842,,,,2.4842,4.49,,,,4.49,5.0442,,,,5.0442,3.5467,4.2105,2026-08-08,2026-09-16,3.5467,,,,,,3.92,,,,3.92
mangoes,Mangoes,each,2.5,,,,2.5,1.15,,,,1.15,2.99,,,,2.99,1.5,,,,1.5,1,,,,1,,,,,,1.27,1,2026-09-05,2026-10-05,1
white-onion,White Onion,lb,,,,,,1.095,,,,1.095,1.39,,,,1.39,,,,,,1.2633,,,,1.2633,,,,,,1.3797,,,,1.3797
spaghetti-squash,Spaghetti Squash,lb,1.4917,,,,1.4917,1.29,,,,1.29,1.99,,,,1.99,,,,,,1.49,,,,1.49,,,,,,1.54,,,,1.54
ranch-seasoning-mix,Ranch Seasoning Mix (packet),oz,0.66,,,,0.66,0.55,,,,0.55,0.7054,,,,0.7054,1.49,0.98,2026-08-11,2026-09-10,0.98,0.6725,1.2,2026-07-29,2026-09-23,0.6725,,,,,,0.53,,,,0.53
potato-gnocchi,Potato Gnocchi,oz,0.1869,,,,0.1869,0.1074,,,,0.1074,0.3119,,,,0.3119,0.2494,0.2369,2026-08-09,2026-09-08,0.2369,0.1869,,,,0.1869,,,,,,0.1642,,,,0.1642
coconut-milk-canned,Canned Coconut Milk,floz,0.2215,,,,0.2215,,,,,,,,,,,0.2215,,,,0.2215,0.1474,,,,0.1474,0.1371,,,,0.1371,0.1467,,,,0.1467
lotion,Body Lotion,floz,0.4994,,,,0.4994,0.2217,,,,0.2217,0.4757,,,,0.4757,0.4281,0.3805,2026-08-09,2026-09-08,0.3805,0.2064,0.449,2026-08-19,2026-09-09,0.2064,0.2598,,,,0.2598,0.1808,0.1775,2026-08-31,2026-09-30,0.1775
high-fiber-tortillas,High Fiber Tortillas (burrito size),each,,,,,,,,,,,,,,,,0.8317,,,,0.8317,0.7817,,,,0.7817,0.598,,,,0.598,0.745,,,,0.745
fruit-cocktail,Canned Fruit Cocktail,oz,0.097,,,,0.097,0.1043,,,,0.1043,,,,,,0.1263,0.0997,2026-08-09,2026-09-08,0.0997,0.1097,,,,0.1097,0.1064,,,,0.1064,0.0927,,,,0.0927
tea-bags,Tea Bags,each,0.0449,,,,0.0449,0.0621,,,,0.0621,0.0699,,,,0.0699,0.0738,0.0598,2026-08-09,2026-09-08,0.0598,0.0239,0.0718,2026-08-17,2026-10-12,0.0239,0.0376,,,,0.0376,0.0224,0.2788,2026-08-31,2026-09-30,0.0224
sponges,Dish Sponges,each,0.9967,,,,0.9967,0.53,,,,0.53,,,,,,0.7475,0.67,2026-08-09,2026-09-08,0.67,,,,,,0.7483,,,,0.7483,0.485,,,,0.485
donuts,Donuts,each,,,,,,0.3125,,,,0.3125,0.5317,,,,0.5317,0.3325,0.24,2026-08-09,2026-09-08,0.24,0.3992,,,,0.3992,0.6933,,,,0.6933,0.3983,,,,0.3983
iced-tea,Iced Tea (bottled/gallon),floz,0.0507,,,,0.0507,0.0304,,,,0.0304,,,,,,0.039,0.0311,2026-08-09,2026-09-08,0.0311,0.0257,0.0234,2026-08-19,2026-09-09,0.0234,0.0287,,,,0.0287,0.0255,,,,0.0255
cottage-cheese,Cottage Cheese,oz,0.1325,,,,0.1325,0.1188,,,,0.1188,0.1538,,,,0.1538,0.1642,,,,0.1642,0.1206,0.2181,2026-08-03,2026-09-28,0.1206,0.1512,,,,0.1512,0.1138,,,,0.1138
curry-powder,Curry Powder,oz,3.9943,,,,3.9943,,,,,,1.395,,,,1.395,2.8514,,,,2.8514,1.69,,,,1.69,0.4989,,,,0.4989,0.9144,,,,0.9144
chili-powder,Chili Powder,oz,0.4545,,,,0.4545,0.396,,,,0.396,0.6145,,,,0.6145,0.6244,0.4994,2026-08-23,2026-09-22,0.4994,0.6313,1.7086,2026-08-19,2026-09-30,0.6313,0.499,,,,0.499,0.36,,,,0.36
hot-cocoa,Hot Cocoa Mix,each,0.239,,,,0.239,,,,,,0.369,,,,0.369,,,,,,0.333,,,,0.333,0.1956,,,,0.1956,0.299,,,,0.299
dried-arbol-chiles,Dried Arbol Chiles,oz,5.98,,,,5.98,,,,,,0.83,,,,0.83,,,,,,,,,,,0.4975,,,,0.4975,,,,,
red-potatoes,Red Potatoes,lb,0.798,1.29,,,0.798,0.858,,,,0.858,1.198,,,,1.198,,,,,,1.598,,,,1.598,0.865,,,,0.865,1.368,,,,1.368
tater-tots,Tater Tots,oz,,,,,,0.0903,,,,0.0903,0.2028,,,,0.2028,0.1869,0.1553,2026-08-11,2026-09-10,0.1553,,,,,,0.0732,,,,0.0732,0.092,,,,0.092
whole-chicken,Whole Chicken,lb,1.99,1.49,2026-08-31,2026-09-27,1.49,1.8107,,,,1.8107,1.79,,,,1.79,2.49,,,,2.49,1.49,,,,1.49,2.38,,,,2.38,1.32,,,,1.32
chicken-thighs,Chicken Thighs / Drumsticks,lb,1.77,,,,1.77,1.5495,,,,1.5495,1.99,,,,1.99,1.9867,,,,1.9867,1.99,4.49,2026-08-19,2026-09-16,1.99,0.98,,,,0.98,0.984,,,,0.984
drain-cleaner,Drain Cleaner,floz,0.1559,,,,0.1559,,,,,,0.1434,,,,0.1434,0.1403,0.1247,2026-08-11,2026-09-10,0.1247,0.0936,,,,0.0936,0.0804,,,,0.0804,0.0428,0.2573,2026-08-31,2026-09-30,0.0428
almonds,Almonds,oz,0.7483,,,,0.7483,0.425,,,,0.425,0.5408,,,,0.5408,0.6244,0.5612,2026-08-27,2026-09-26,0.5612,0.6869,,,,0.6869,0.2871,,,,0.2871,0.3588,,,,0.3588
chocolate-milk,Chocolate Milk,floz,,,,,,0.0289,,,,0.0289,0.0312,,,,0.0312,0.0778,,,,0.0778,0.0327,,,,0.0327,0.0832,,,,0.0832,0.0244,,,,0.0244
pistachios,Pistachios,oz,,,,,,0.4056,,,,0.4056,0.4698,,,,0.4698,,,,,,0.4684,0.4579,2026-08-19,2026-09-16,0.4579,0.3538,,,,0.3538,0.4567,,,,0.4567
walnuts,Walnuts,oz,0.4994,,,,0.4994,0.3488,,,,0.3488,0.6988,,,,0.6988,0.6869,,,,0.6869,0.6247,,,,0.6247,0.265,,,,0.265,0.6212,,,,0.6212
teriyaki-sauce,Teriyaki Sauce / Marinade,floz,0.2376,,,,0.2376,,,,,,0.229,,,,0.229,0.2369,0.2181,2026-08-11,2026-09-10,0.2181,0.199,0.1856,2026-09-02,2026-09-23,0.1856,0.1738,,,,0.1738,0.1653,,,,0.1653
alfredo-sauce,Alfredo Sauce,oz,0.1544,,,,0.1544,0.1167,,,,0.1167,0.2056,,,,0.2056,0.2268,0.1814,2026-09-06,2026-10-06,0.1814,0.1244,,,,0.1244,0.1453,,,,0.1453,0.1127,0.3731,2026-08-25,2026-09-24,0.1127
disinfectant-spray,Disinfectant Spray,oz,0.6152,,,,0.6152,,,,,,0.5784,,,,0.5784,0.7192,,,,0.7192,0.2188,0.1996,2026-08-10,2026-10-05,0.1996,0.2737,,,,0.2737,0.2511,,,,0.2511
floor-cleaner,Floor Cleaner,floz,0.3196,,,,0.3196,,,,,,0.1639,,,,0.1639,0.1656,,,,0.1656,0.1666,0.1509,2026-08-10,2026-09-07,0.1509,0.0545,,,,0.0545,0.0778,,,,0.0778
raisins,Raisins,oz,0.266,,,,0.266,0.1995,,,,0.1995,0.2995,,,,0.2995,0.2745,0.2495,2026-08-11,2026-09-10,0.2495,0.2408,0.2817,2026-07-27,2026-09-21,0.2408,0.163,,,,0.163,0.2178,,,,0.2178
couscous,Couscous,oz,,,,,,,,,,,,,,,,,,,,,0.3392,,,,0.3392,0.1495,,,,0.1495,0.2355,,,,0.2355
rice-arborio,Arborio Risotto Rice,oz,,,,,,,,,,,,,,,,,,,,,0.1869,,,,0.1869,0.1662,,,,0.1662,0.2384,,,,0.2384
dish-soap,Dish Soap (liquid),floz,0.1121,,,,0.1121,0.0785,,,,0.0785,0.0888,,,,0.0888,0.1541,0.1024,2026-08-30,2026-09-29,0.1024,0.0711,,,,0.0711,0.088,,,,0.088,0.0619,0.149,2026-08-31,2026-09-30,0.0619
dishwasher-detergent,Dishwasher Detergent (pacs),each,0.1832,,,,0.1832,,,,,,0.2788,,,,0.2788,0.2556,0.2197,2026-08-30,2026-09-29,0.2197,0.2649,0.2499,2026-08-22,2026-09-23,0.2499,0.1236,,,,0.1236,0.1212,,,,0.1212
adobo-seasoning,Adobo seasoning,oz,,,,,,,,,,,0.3129,,,,0.3129,,,,,,0.3113,,,,0.3113,0.1332,,,,0.1332,0.3782,,,,0.3782
dried-guajillo-chiles,Dried Guajillo Chiles,oz,,,,,,,,,,,0.83,,,,0.83,,,,,,2.145,,,,2.145,0.4317,,,,0.4317,0.6033,,,,0.6033
dried-parsley,Parsley (dried),oz,3.9867,,,,3.9867,3.96,,,,3.96,5.58,,,,5.58,3.33,2.6633,2026-08-09,2026-09-08,2.6633,2.5,,,,2.5,2.0125,,,,2.0125,2.2667,,,,2.2667
air-freshener,Air Freshener,oz,0.2178,,,,0.2178,0.4247,,,,0.4247,0.3137,,,,0.3137,0.4096,0.2027,2026-08-09,2026-09-08,0.2027,0.2452,,,,0.2452,0.2463,,,,0.2463,0.2027,,,,0.2027
cinnamon-stick,Cinnamon Sticks,oz,,,,,,,,,,,1.33,,,,1.33,,,,,,4.3267,7.32,2026-08-19,2026-09-30,4.3267,1.0457,,,,1.0457,1.3338,,,,1.3338
glass-cleaner,Glass Cleaner,floz,0.1247,,,,0.1247,,,,,,0.0812,,,,0.0812,0.1244,0.0919,2026-08-11,2026-09-10,0.0919,0.1073,,,,0.1073,0.07,,,,0.07,0.0713,,,,0.0713
sandwich-bags,Sandwich Bags,each,0.034,,,,0.034,0.016,,,,0.016,0.0186,,,,0.0186,0.0596,0.0496,2026-08-11,2026-09-10,0.0496,0.0232,0.0444,2026-08-19,2026-09-09,0.0232,0.0168,,,,0.0168,0.0193,0.01,2026-08-31,2026-09-30,0.01
popsicles,Popsicles / Ice Pops,each,0.2483,,,,0.2483,0.2292,,,,0.2292,0.219,,,,0.219,0.4067,,,,0.4067,0.1495,0.5408,2026-09-02,2026-09-23,0.1495,0.1919,,,,0.1919,0.0825,,,,0.0825
refrigerated-biscuits,Refrigerated Biscuit Dough,oz,0.172,,,,0.172,0.1181,,,,0.1181,0.2141,,,,0.2141,0.2448,0.1834,2026-08-11,2026-09-10,0.1834,0.1244,,,,0.1244,0.1454,,,,0.1454,0.1087,,,,0.1087
mouthwash,Mouthwash,floz,0.1757,,,,0.1757,0.147,,,,0.147,0.0973,,,,0.0973,0.1476,0.1175,2026-08-09,2026-09-08,0.1175,0.0766,,,,0.0766,0.0787,,,,0.0787,0.0688,0.212,2026-08-31,2026-09-30,0.0688
sweet-potatoes,Sweet Potatoes,lb,1.49,,,,1.49,1.19,,,,1.19,1.79,,,,1.79,1.49,,,,1.49,1.33,,,,1.33,0.974,,,,0.974,1.48,,,,1.48
quart-storage-bags,Food Storage Bags (quart),each,,,,,,0.0438,,,,0.0438,0.0848,,,,0.0848,0.2495,0.1995,2026-08-09,2026-09-08,0.1995,0.0895,0.1041,2026-07-29,2026-09-09,0.0895,0.052,,,,0.052,0.0489,0.0796,2026-08-31,2026-09-30,0.0489
frozen-lasagna,Frozen Lasagna,oz,0.284,,,,0.284,0.1576,,,,0.1576,,,,,,0.1782,0.1639,2026-08-11,2026-09-10,0.1639,0.1532,,,,0.1532,0.156,,,,0.156,0.1652,,,,0.1652
block-cheese,Block Cheese,oz,0.2809,,,,0.2809,0.2188,,,,0.2188,0.2494,,,,0.2494,,,,,,0.2306,,,,0.2306,0.1762,,,,0.1762,0.2103,,,,0.2103
instant-coffee,Instant Coffee,oz,,,,,,0.6988,,,,0.6988,1.1326,,,,1.1326,1.3738,1.2488,2026-08-09,2026-09-08,1.2488,0.7129,0.9575,2026-07-16,2026-09-09,0.7129,0.83,,,,0.83,0.7067,,,,0.7067
hummus,Hummus,oz,0.3738,,,,0.3738,0.259,,,,0.259,0.449,,,,0.449,0.4362,0.3738,2026-08-11,2026-09-10,0.3738,0.2941,0.5408,2026-08-19,2026-09-16,0.2941,0.1395,,,,0.1395,0.287,,,,0.287
lemon-juice,Lemon Juice,floz,0.1247,,,,0.1247,0.0684,,,,0.0684,0.1247,,,,0.1247,0.1341,0.1138,,,0.1138,0.1028,,,,0.1028,0.0675,,,,0.0675,0.07,,,,0.07
egg-whites,Liquid Egg Whites,floz,0.23,,,,0.23,0.1497,,,,0.1497,,,,,,0.2497,0.215,2026-08-09,2026-09-08,0.215,0.2122,,,,0.2122,0.1585,,,,0.1585,0.1522,,,,0.1522
toasted-sesame-seeds,Sesame Seeds,oz,2.3506,,,,2.3506,,,,,,2.69,,,,2.69,0.6244,,,,0.6244,1.5354,,,,1.5354,0.438,,,,0.438,0.7789,,,,0.7789
dried-oregano,Oregano (dried),oz,0.9307,,,,0.9307,1.32,,,,1.32,2.92,,,,2.92,1.8164,1.4527,2026-08-09,2026-09-08,1.4527,1.6959,7.48,2026-08-19,2026-09-30,1.6959,1.0873,,,,1.0873,1.2414,,,,1.2414
hand-sanitizer,Hand Sanitizer,floz,0.4988,,,,0.4988,,,,,,0.2738,,,,0.2738,0.6212,0.4962,2026-08-11,2026-09-10,0.4962,0.2341,,,,0.2341,0.0877,,,,0.0877,0.1162,,,,0.1162
ground-turkey,Ground Turkey,lb,4.69,,,,4.69,2.6633,,,,2.6633,5.99,,,,5.99,5.49,,,,5.49,3.3333,,,,3.3333,4.3265,,,,4.3265,3.8213,,,,3.8213
ground-ginger,Ginger (ground),oz,1.495,,,,1.495,,,,,,2.8062,,,,2.8062,5.7,,,,5.7,2.8298,,,,2.8298,0.7971,,,,0.7971,1.6867,,,,1.6867
quinoa-uncooked,Uncooked Quinoa,oz,,,,,,0.2094,,,,0.2094,,,,,,,,,,,0.2494,,,,0.2494,0.1372,,,,0.1372,0.215,,,,0.215
coffee-pods,Coffee Pods (K-Cups),each,0.949,,,,0.949,0.3575,,,,0.3575,0.6716,,,,0.6716,1.099,0.999,2026-08-09,2026-09-08,0.999,0.3644,0.3742,2026-07-15,2026-09-23,0.3644,0.3298,,,,0.3298,0.3347,0.5662,2026-08-31,2026-09-30,0.3347
corned-beef-brisket,Corned Beef Brisket (raw),lb,8.99,,,,8.99,6.29,,,,6.29,8.99,,,,8.99,,,,,,6.99,,,,6.99,8.14,,,,8.14,4.9807,,,,4.9807
corn-chips,Corn Chips (Fritos class),oz,0.299,,,,0.299,0.2043,,,,0.2043,0.2554,,,,0.2554,0.2488,0.1862,2026-08-11,2026-09-10,0.1862,0.2041,0.1929,2026-08-19,2026-09-23,0.1929,0.2472,,,,0.2472,0.213,0.4292,2026-08-31,2026-09-30,0.213
deodorant,Deodorant,oz,1.9192,,,,1.9192,1.3133,,,,1.3133,0.665,,,,0.665,1.7269,1.3423,2026-08-11,2026-09-10,1.3423,0.93,,,,0.93,0.7677,,,,0.7677,0.7,1.48,2026-08-31,2026-09-30,0.7
salt,Table Salt,oz,0.0608,,,,0.0608,0.0304,,,,0.0304,0.0381,,,,0.0381,0.0842,0.0723,2026-08-09,2026-09-08,0.0723,0.0381,,,,0.0381,0.0372,,,,0.0372,0.0362,,,,0.0362
cod,Cod Fillets,lb,12.99,,,,12.99,8.745,,,,8.745,9.995,,,,9.995,11.99,,,,11.99,6.99,,,,6.99,11.76,,,,11.76,11.88,,,,11.88
fish-sticks,Fish Sticks (frozen),oz,0.3478,,,,0.3478,0.2188,,,,0.2188,0.3654,,,,0.3654,0.3248,0.2431,2026-08-11,2026-09-10,0.2431,0.3123,,,,0.3123,0.2281,,,,0.2281,0.203,,,,0.203
vienna-sausage,Vienna sausage,oz,,,,,,0.1652,,,,0.1652,0.2587,,,,0.2587,,,,,,0.1848,,,,0.1848,0.1507,,,,0.1507,0.1756,,,,0.1756
dried-cranberries,Dried Cranberries,oz,0.2904,,,,0.2904,,,,,,0.4162,,,,0.4162,0.3121,0.2912,2026-08-11,2026-09-10,0.2912,0.2992,0.4167,2026-07-16,2026-09-09,0.2992,0.1588,,,,0.1588,0.2483,0.29,2026-08-31,2026-09-30,0.2483
dried-basil,Basil (dried),oz,1.25,,,,1.25,,,,,,21.3929,,,,21.3929,3.32,2.24,2026-08-11,2026-09-10,2.24,4.6279,,,,4.6279,1.0624,,,,1.0624,1.35,,,,1.35
fabric-softener,Fabric Softener (liquid),floz,0.113,,,,0.113,0.0884,,,,0.0884,0.0978,,,,0.0978,0.1399,0.1298,2026-08-09,2026-09-08,0.1298,0.0809,,,,0.0809,0.0542,,,,0.0542,0.0726,0.0802,2026-08-31,2026-09-30,0.0726
dried-thyme,Thyme (dried),oz,3.9867,,,,3.9867,,,,,,,,,,,5.7,,,,5.7,3.1087,5.7538,2026-08-19,2026-09-30,3.1087,0.8776,,,,0.8776,1.9857,,,,1.9857
red-pepper-flakes,Red Pepper Flakes,oz,0.625,,,,0.625,0.66,,,,0.66,1.9933,,,,1.9933,0.8867,,,,0.8867,0.8333,,,,0.8333,0.433,,,,0.433,0.6483,,,,0.6483
eggs,Large Eggs (dozen),dozen,1.5867,,,,1.5867,1.66,,,,1.66,2.356,,,,2.356,1.65,,,,1.65,1.75,3.595,2026-07-22,2026-09-09,1.75,1.9647,,,,1.9647,1.624,2.62,2026-08-31,2026-09-30,1.624
razors,Razors (disposable),each,1.9975,,,,1.9975,0.7475,,,,0.7475,0.3317,,,,0.3317,2.6633,2.3233,2026-08-09,2026-09-08,2.3233,0.2245,,,,0.2245,0.2398,,,,0.2398,0.1633,,,,0.1633
ground-turmeric,Ground Turmeric,oz,2.937,,,,2.937,1.4526,,,,1.4526,1.345,,,,1.345,2.937,,,,2.937,1.9559,,,,1.9559,0.399,,,,0.399,0.8339,,,,0.8339
fresh-thyme,Fresh Thyme,oz,3.9867,,,,3.9867,3.18,,,,3.18,5.98,,,,5.98,,,,,,,,,,,,,,,,3.56,,,,3.56
rhubarb,Fresh Rhubarb,lb,,,,,,,,,,,,,,,,3.99,,,,3.99,3.99,,,,3.99,,,,,,,,,,
okra,Fresh Okra,lb,,,,,,,,,,,,,,,,,,,,,4.8,,,,4.8,,,,,,5.64,,,,5.64
pecorino-romano,Pecorino Romano Cheese,oz,,,,,,,,,,,,,,,,,,,,,1.498,,,,1.498,,,,,,,,,,
fresh-sage,Fresh Sage,oz,,,,,,,,,,,5.98,,,,5.98,,,,,,4.98,,,,4.98,,,,,,,,,,
rutabagas,Rutabagas,lb,,,,,,,,,,,2.19,,,,2.19,,,,,,1.99,,,,1.99,,,,,,,,,,
parsnips,Parsnips,lb,3.184,,,,3.184,,,,,,,,,,,3.192,,,,3.192,2.99,,,,2.99,,,,,,4.22,,,,4.22
mustard-greens,Mustard Greens (bunch),each,,,,,,,,,,,,,,,,,,,,,1.99,,,,1.99,,,,,,,,,,
collard-greens,Collard Greens (bunch),each,1.99,,,,1.99,,,,,,,,,,,,,,,,1.99,,,,1.99,,,,,,,,,,
dry-green-lentils,Dry Green Lentils,oz,,,,,,,,,,,,,,,,,,,,,0.1869,,,,0.1869,,,,,,,,,,
coconut-aminos,Coconut Aminos,floz,,,,,,,,,,,,,,,,,,,,,0.799,,,,0.799,,,,,,0.624,,,,0.624
kalamata-olives,Kalamata Olives,oz,,,,,,,,,,,0.8817,,,,0.8817,,,,,,0.3912,,,,0.3912,,,,,,0.5232,,,,0.5232
salt-pork,Salt Pork,lb,,,,,,,,,,,,,,,,,,,,,5.9867,,,,5.9867,,,,,,,,,,
white-miso-paste,White Miso Paste,oz,,,,,,,,,,,,,,,,,,,,,0.5525,,,,0.5525,,,,,,,,,,
kosher-salt,Kosher Salt,oz,,,,,,,,,,,0.1123,,,,0.1123,,,,,,0.0727,,,,0.0727,,,,,,0.0629,,,,0.0629
daiya-mozzarella-style-shreds,Daiya Mozzarella Style Shreds,oz,,,,,,,,,,,,,,,,,,,,,0.6324,,,,0.6324,,,,,,,,,,
garlic-infused-olive-oil,Garlic-Infused Olive Oil,floz,,,,,,,,,,,,,,,,,,,,,1.0994,,,,1.0994,,,,,,,,,,
plain-soy-tempeh,Plain Soy Tempeh,oz,,,,,,,,,,,,,,,,,,,,,0.5362,,,,0.5362,,,,,,,,,,
turnip-greens,Turnip Greens (bunch),each,,,,,,,,,,,,,,,,,,,,,1.99,,,,1.99,,,,,,,,,,
eggplant,Eggplant (each),each,,,,,,,,,,,2.49,,,,2.49,1.99,,,,1.99,1.69,,,,1.69,,,,,,1.82,,,,1.82
diced-ham,Diced / Cubed Ham,oz,0.3738,,,,0.3738,,,,,,0.3931,,,,0.3931,0.3744,,,,0.3744,0.3738,0.4375,2026-08-19,2026-09-16,0.3738,,,,,,0.31,,,,0.31
poultry-seasoning,Poultry Seasoning,oz,4.7571,,,,4.7571,,,,,,2.2029,,,,2.2029,,,,,,3.1038,,,,3.1038,,,,,,1.1867,,,,1.1867
chicken-livers,Chicken Livers,lb,3.1893,,,,3.1893,,,,,,2.19,,,,2.19,,,,,,1.992,,,,1.992,,,,,,1.51,,,,1.51
rye-bread,Rye Bread (loaf),oz,0.2772,0.2495,,,0.2495,,,,,,0.2772,,,,0.2772,0.2772,,,,0.2772,0.1454,0.2494,2026-07-15,2026-09-09,0.1454,,,,,,0.1142,,,,0.1142
poppy-seeds,Poppy Seeds,oz,2.4875,,,,2.4875,,,,,,0.916,,,,0.916,3.192,,,,3.192,1.7877,,,,1.7877,,,,,,1.0295,,,,1.0295
fresh-mint,Mint (fresh),oz,3.9867,,,,3.9867,,,,,,5.98,,,,5.98,3.9867,,,,3.9867,4.98,,,,4.98,,,,,,3.56,,,,3.56
rice-noodles,Rice Noodles,oz,0.3744,,,,0.3744,,,,,,0.869,,,,0.869,0.2494,,,,0.2494,0.235,0.2619,2026-07-27,2026-09-21,0.235,,,,,,0.34,,,,0.34
ready-to-serve-long-grain-wild-rice-pouch,Ready-to-Serve Long Grain & Wild Rice Pouch,oz,,,,,,,,,,,0.317,,,,0.317,,,,,,0.1693,,,,0.1693,,,,,,0.15,,,,0.15
pomegranates,Pomegranate,each,,,,,,,,,,,,,,,,,,,,,4.99,,,,4.99,,,,,,,,,,
jumbo-pasta-shells,Jumbo Pasta Shells / Manicotti,oz,0.4238,,,,0.4238,,,,,,,,,,,0.2908,0.2483,2026-08-11,2026-09-10,0.2483,0.2369,,,,0.2369,,,,,,0.1633,,,,0.1633
turnips,Turnips,lb,,,,,,,,,,,3.49,,,,3.49,,,,,,2.99,,,,2.99,,,,,,2.42,,,,2.42
fresh-cranberries,Fresh Cranberries,oz,,,,,,,,,,,,,,,,,,,,,0.2591,,,,0.2591,,,,,,,,,,
horseradish-sauce,Horseradish Sauce (creamy),oz,0.2494,,,,0.2494,,,,,,0.3773,,,,0.3773,0.2306,0.1869,2026-08-09,2026-09-08,0.1869,0.2339,,,,0.2339,,,,,,0.1558,,,,0.1558
ground-fennel,Fennel Seed / Ground Fennel,oz,5.2824,,,,5.2824,,,,,,0.6232,,,,0.6232,3.5176,,,,3.5176,2.6959,,,,2.6959,,,,,,2.725,,,,2.725
gingersnaps,Gingersnap Cookies,oz,0.4056,,,,0.4056,,,,,,0.2211,,,,0.2211,0.6738,,,,0.6738,0.2492,0.2083,2026-08-19,2026-09-16,0.2083,,,,,,0.4038,,,,0.4038
pigeon-peas,Pigeon Peas / Gandules (canned),oz,,,,,,,,,,,,,,,,,,,,,0.1593,,,,0.1593,,,,,,,,,,
saffron,Saffron,oz,,,,,,,,,,,,,,,,,,,,,966.3333,,,,966.3333,,,,,,,,,,
tandoori-seasoning,Tandoori Seasoning,oz,2.8295,,,,2.8295,,,,,,,,,,,,,,,,,,,,,,,,,,,,,,
cardamom,Cardamom,oz,15.5444,,,,15.5444,,,,,,,,,,,,,,,,,,,,,,,,,,10.5211,,,,10.5211
five-spice-powder,Chinese Five Spice,oz,5.7086,,,,5.7086,,,,,,,,,,,,,,,,,,,,,,,,,,4.7543,,,,4.7543
harissa-paste,Harissa Paste,oz,6.3105,,,,6.3105,,,,,,,,,,,,,,,,,,,,,,,,,,0.845,,,,0.845
beef-short-ribs,Beef Short Ribs,lb,,,,,,,,,,,,,,,,,,,,,11.99,,,,11.99,,,,,,,,,,
fennel,Fennel Bulb,each,,,,,,,,,,,,,,,,,,,,,3.99,,,,3.99,,,,,,,,,,
fresh-oregano,Fresh Oregano,oz,3.9867,,,,3.9867,,,,,,,,,,,,,,,,,,,,,,,,,,3.56,,,,3.56
crushed-thai-chili,Crushed Thai Chili,oz,4.3723,,,,4.3723,,,,,,,,,,,,,,,,,,,,,,,,,,2.4672,,,,2.4672
jicama,Jicama,lb,1.9929,,,,1.9929,,,,,,,,,,,,,,,,,,,,,,,,,,1.9702,,,,1.9702
whole-wheat-flour,Whole Wheat Flour,lb,,,,,,,,,,,,,,,,,,,,,,,,,,,,,,,0.688,,,,0.688
shawarma-spice-blend,Shawarma Spice Blend,oz,,,,,,,,,,,,,,,,,,,,,,,,,,,,,,,1.1314,,,,1.1314
berbere-seasoning,Berbere Seasoning,oz,,,,,,,,,,,,,,,,,,,,,,,,,,,,,,,4.9923,,,,4.9923
pomegranate-molasses,Pomegranate Molasses,floz,,,,,,,,,,,,,,,,,,,,,,,,,,,,,,,0.578,,,,0.578
lasagna-noodles,Lasagna Noodles,oz,,,,,,,,,,,,,,,,,,,,,,,,,,,,,,,0.115,,,,0.115
fresh-sweet-italian-turkey-sausage,Fresh Sweet Italian Turkey Sausage,oz,,,,,,,,,,,,,,,,,,,,,,,,,,,,,,,0.3,,,,0.3
habanero-peppers,Habanero Peppers,lb,,,,,,,,,,,,,,,,,,,,,,,,,,,,,,,12.64,,,,12.64
achiote-paste,Achiote Paste,oz,,,,,,,,,,,,,,,,,,,,,,,,,,,,,,,0.6486,,,,0.6486
chipotle-powder,Chipotle Powder,oz,,,,,,,,,,,5.995,,,,5.995,,,,,,6.3,,,,6.3,,,,,,,,,,
onion-soup-mix,Onion Soup Mix (dry packets),oz,0.9045,,,,0.9045,,,,,,0.5864,,,,0.5864,,,,,,,,,,,,,,,,,,,,
fresh-dill,Fresh Dill,oz,3.9867,,,,3.9867,,,,,,5.98,,,,5.98,,,,,,,,,,,,,,,,3.56,,,,3.56
frozen-brussels-sprouts,Frozen Brussels Sprouts,oz,,,,,,,,,,,0.2398,,,,0.2398,,,,,,,,,,,,,,,,0.143,,,,0.143
caraway-seeds,Caraway Seeds,oz,4.3148,,,,4.3148,,,,,,5.1,,,,5.1,3.3222,,,,3.3222,,,,,,,,,,,2.4222,,,,2.4222
creamy-cilantro-lime-dressing,Creamy Cilantro Lime Dressing,floz,,,,,,,,,,,,,,,,,,,,,0.3742,0.3575,2026-08-10,2026-10-05,0.3575,,,,,,0.3333,,,,0.3333
chili-garlic-sauce,Chili Garlic Sauce,oz,,,,,,,,,,,0.7488,,,,0.7488,,,,,,0.3113,,,,0.3113,,,,,,0.5275,,,,0.5275
peanut-oil,Peanut oil,floz,,,,,,,,,,,0.1523,,,,0.1523,,,,,,,,,,,,,,,,0.1223,,,,0.1223
yellow-bell-pepper,Yellow Bell Pepper,each,1.99,,,,1.99,,,,,,1.79,,,,1.79,1.5,,,,1.5,1.67,,,,1.67,,,,,,1.46,,,,1.46
kiwi,Kiwi Fruit,each,0.99,,,,0.99,,,,,,1.25,,,,1.25,0.79,,,,0.79,,,,,,,,,,,,,,,
bean-sprouts,Fresh Bean Sprouts,oz,,,,,,,,,,,,,,,,0.1421,,,,0.1421,0.1564,,,,0.1564,,,,,,,,,,
wild-rice,Wild Rice,oz,0.6869,,,,0.6869,,,,,,,,,,,1.1612,,,,1.1612,,,,,,,,,,,,,,,
cumin-seeds,Cumin seeds,oz,,,,,,,,,,,1.145,,,,1.145,,,,,,1.69,,,,1.69,,,,,,,,,,
coconut,Whole Coconut,each,,,,,,,,,,,,,,,,3.99,,,,3.99,3.49,,,,3.49,,,,,,,,,,
dried-ancho-chiles,Dried Ancho Chiles,oz,,,,,,,,,,,0.5619,,,,0.5619,,,,,,,,,,,,,,,,,,,,
leeks,Leeks,each,4.99,,,,4.99,,,,,,3.99,,,,3.99,,,,,,,,,,,,,,,,,,,,
snow-peas,Snow Peas / Pea Pods (fresh),oz,0.4983,,,,0.4983,,,,,,,,,,,0.665,,,,0.665,,,,,,,,,,,0.3162,,,,0.3162
fresh-parsley,Fresh Parsley (bunch),each,0.99,,,,0.99,,,,,,,,,,,1.49,,,,1.49,,,,,,,,,,,1.93,,,,1.93
nutritional-yeast,Nutritional Yeast,oz,,,,,,,,,,,,,,,,,,,,,1.4422,1.6644,2026-08-03,2026-10-05,1.4422,,,,,,1.034,,,,1.034
plantains,Plantains,each,,,,,,,,,,,,,,,,,,,,,0.75,,,,0.75,,,,,,,,,,
apricots,Apricots,lb,13.32,,,,13.32,,,,,,,,,,,3.99,,,,3.99,3.49,,,,3.49,,,,,,4.34,,,,4.34
fresh-basil,Basil (fresh),oz,3.9867,,,,3.9867,,,,,,5.98,,,,5.98,3.9867,,,,3.9867,3.2,,,,3.2,,,,,,2.42,,,,2.42
hoisin-sauce,Hoisin Sauce,floz,0.5871,,,,0.5871,,,,,,0.3495,,,,0.3495,0.3929,0.3528,2026-08-11,2026-09-10,0.3528,0.2995,0.2895,2026-08-17,2026-10-12,0.2895,,,,,,0.248,,,,0.248
bok-choy,Bok Choy,lb,3.9926,,,,3.9926,,,,,,,,,,,,,,,,2.49,,,,2.49,,,,,,,,,,
beets,Beets (fresh),lb,,,,,,,,,,,5.32,,,,5.32,,,,,,2.49,,,,2.49,,,,,,3.38,,,,3.38
blue-cheese-dressing,Blue Cheese Dressing,floz,0.1612,,,,0.1612,,,,,,0.1744,,,,0.1744,0.2175,0.1962,2026-09-06,2026-10-06,0.1962,0.1744,,,,0.1744,,,,,,0.1654,,,,0.1654
vegetable-soup,Vegetable / Vegetable Beef Soup (canned),oz,0.1319,,,,0.1319,,,,,,,,,,,0.1305,0.0989,2026-09-02,2026-10-02,0.0989,0.1574,,,,0.1574,,,,,,0.1305,,,,0.1305
serrano-peppers,Serrano Peppers,lb,5,,,,5,,,,,,2.99,,,,2.99,4.99,,,,4.99,4.99,,,,4.99,,,,,,6.4,,,,6.4
poblano-peppers,Poblano Peppers (fresh),lb,4.99,,,,4.99,,,,,,,,,,,4.99,,,,4.99,3.49,,,,3.49,,,,,,3.26,,,,3.26
chipotle-adobo,Chipotle Peppers in Adobo,oz,0.47,,,,0.47,,,,,,0.3053,,,,0.3053,0.3987,,,,0.3987,0.2129,,,,0.2129,,,,,,0.2114,,,,0.2114
acorn-squash,Acorn Squash,lb,1.4889,,,,1.4889,,,,,,1.99,,,,1.99,,,,,,1.49,,,,1.49,,,,,,1.5398,,,,1.5398
artichokes,"Artichokes (fresh, whole)",each,,,,,,,,,,,,,,,,3.99,,,,3.99,3.49,,,,3.49,,,,,,8.9988,,,,8.9988
canned-asparagus,Canned Asparagus,oz,,,,,,,,,,,0.2062,,,,0.2062,0.3993,,,,0.3993,0.1786,,,,0.1786,,,,,,0.1766,,,,0.1766
anaheim-peppers,Anaheim Peppers,lb,5,,,,5,,,,,,4.99,,,,4.99,,,,,,1.49,,,,1.49,,,,,,2.94,,,,2.94
arugula,Arugula,oz,0.798,,,,0.798,,,,,,,,,,,0.798,0.696,2026-08-09,2026-09-08,0.696,0.698,,,,0.698,,,,,,0.614,,,,0.614
broccolini,Broccolini / Baby Broccoli,each,,,,,,,,,,,,,,,,,,,,,3.99,,,,3.99,,,,,,,,,,
hulled-pumpkin-seeds,Hulled Pumpkin Seeds,oz,,,,,,0.3983,,,,0.3983,0.5619,,,,0.5619,,,,,,0.4821,,,,0.4821,,,,,,0.4825,,,,0.4825
bottled-marinade,Meat Marinade (bottled),floz,0.1869,,,,0.1869,0.4362,,,,0.4362,0.2278,,,,0.2278,0.1862,0.1731,2026-08-09,2026-09-08,0.1731,0.1992,,,,0.1992,,,,,,0.1731,,,,0.1731
laundry-detergent,Laundry Detergent (Arm & Hammer OxiClean),floz,0.0882,,,,0.0882,0.0884,,,,0.0884,0.1014,,,,0.1014,0.1086,0.0868,,,0.0868,0.0874,,,,0.0874,,,,,,0.0801,0.072,2026-08-31,2026-09-30,0.072
frozen-peas,Frozen Peas,oz,0.0783,,,,0.0783,0.0808,,,,0.0808,0.0996,,,,0.0996,0.0513,0.0919,,,0.0513,0.0915,0.149,2026-08-22,2026-10-26,0.0915,,,,,,0.0547,,,,0.0547
firm-tofu,Firm tofu,oz,,,,,,0.1064,,,,0.1064,,,,,,,,,,,0.1421,,,,0.1421,,,,,,0.1388,,,,0.1388
fresh-rosemary,Fresh Rosemary,oz,3.9867,,,,3.9867,3.18,,,,3.18,5.98,,,,5.98,3.9867,,,,3.9867,,,,,,,,,,,3.56,,,,3.56
cheddar-cheese-curds,Cheddar cheese curds,oz,,,,,,0.3575,,,,0.3575,0.6242,,,,0.6242,0.798,,,,0.798,0.798,,,,0.798,,,,,,0.788,,,,0.788
oat-milk,Oat Milk,floz,0.0767,,,,0.0767,0.0545,,,,0.0545,0.067,,,,0.067,0.0863,0.0669,2026-08-11,2026-09-10,0.0669,0.0622,,,,0.0622,,,,,,0.0556,,,,0.0556
turkey-breast,Turkey Breast (raw),lb,6.66,,,,6.66,6.0267,,,,6.0267,11.99,,,,11.99,2.99,,,,2.99,4.9967,,,,4.9967,,,,,,4.8133,,,,4.8133
bulgur-wheat,Bulgur Wheat (dry),oz,,,,,,,,,,,,,,,,0.2496,0.2079,2026-08-30,2026-09-29,0.2079,0.1996,,,,0.1996,,,,,,0.2017,,,,0.2017
canned-butter-beans,Canned Butter Beans,oz,,,,,,,,,,,0.0897,,,,0.0897,0.0961,0.0865,2026-08-31,2026-09-30,0.0865,0.2327,,,,0.2327,,,,,,0.0748,,,,0.0748
frozen-cauliflower-florets,Frozen Cauliflower Florets,oz,,,,,,,,,,,0.2492,,,,0.2492,,,,,,0.212,,,,0.212,,,,,,0.1017,,,,0.1017
buttermilk,Buttermilk,floz,0.0934,,,,0.0934,,,,,,0.0872,,,,0.0872,0.0747,,,,0.0747,0.078,,,,0.078,,,,,,0.055,,,,0.055
green-chilli,Green chilli,lb,,,,,,3.92,,,,3.92,,,,,,,,,,,,,,,,,,,,,3.072,,,,3.072
cooked-shredded-chicken,Cooked Shredded Chicken,oz,,,,,,0.3744,,,,0.3744,0.8317,,,,0.8317,,,,,,0.6869,,,,0.6869,,,,,,,,,,
canned-beets,Canned Beets,oz,0.1193,,,,0.1193,,,,,,,,,,,0.1253,0.0987,2026-08-31,2026-09-30,0.0987,0.0727,0.2588,2026-08-24,2026-10-19,0.0727,,,,,,0.052,,,,0.052
canned-potatoes,Canned Potatoes,oz,0.064,,,,0.064,,,,,,,,,,,,,,,,0.0727,,,,0.0727,,,,,,0.1152,,,,0.1152
shallots,Shallots,lb,4,,,,4,,,,,,5.99,,,,5.99,13.28,,,,13.28,3.99,,,,3.99,,,,,,2.88,10.0267,2026-08-31,2026-09-30,2.88
sesame-oil,Sesame Oil (toasted),floz,0.7047,,,,0.7047,,,,,,1.078,,,,1.078,0.7887,,,,0.7887,0.6653,1.0527,2026-08-19,2026-09-16,0.6653,,,,,,0.5276,,,,0.5276
tahini,Tahini (Sesame Paste),oz,0.6244,,,,0.6244,,,,,,,,,,,0.5619,,,,0.5619,0.4556,0.4396,2026-08-12,2026-09-30,0.4396,,,,,,0.4044,,,,0.4044
red-curry-paste,Thai Red Curry Paste,oz,1.7975,,,,1.7975,,,,,,,,,,,1.4475,,,,1.4475,0.7756,1.6225,2026-08-17,2026-10-12,0.7756,,,,,,1.1061,,,,1.1061
chili-crisp,Chili Crisp / Chili Oil,oz,0.3245,,,,0.3245,,,,,,1.1862,,,,1.1862,1.0891,,,,1.0891,0.9446,0.877,2026-07-27,2026-09-21,0.877,,,,,,0.6707,,,,0.6707
fish-sauce,Fish Sauce,floz,0.5209,,,,0.5209,,,,,,0.9271,,,,0.9271,0.4986,,,,0.4986,0.8861,0.8565,2026-08-17,2026-10-12,0.8565,,,,,,0.4176,,,,0.4176
horseradish,Prepared Horseradish,oz,0.4988,,,,0.4988,,,,,,0.4988,,,,0.4988,0.66,,,,0.66,0.3738,,,,0.3738,,,,,,0.2989,,,,0.2989
gochujang,Gochujang (Korean Chili Paste),oz,0.4229,,,,0.4229,,,,,,,,,,,,,,,,0.4248,,,,0.4248,,,,,,0.2864,,,,0.2864
oyster-sauce,Oyster Sauce,floz,,,,,,,,,,,,,,,,0.2373,0.1968,2026-08-11,2026-09-10,0.1968,0.4433,,,,0.4433,,,,,,0.2587,,,,0.2587
lemongrass-paste,Lemongrass Paste,oz,1.7475,,,,1.7475,,,,,,,,,,,,,,,,1.2475,,,,1.2475,,,,,,,,,,
ground-coriander,Coriander (ground),oz,3.98,,,,3.98,,,,,,,,,,,1.4229,0.96,2026-08-11,2026-09-10,0.96,1.69,,,,1.69,,,,,,2.9067,,,,2.9067
ground-cloves,Cloves (ground),oz,2.495,,,,2.495,,,,,,1.495,,,,1.495,7.7667,,,,7.7667,2.6412,,,,2.6412,,,,,,1.09,,,,1.09
ground-nutmeg,Nutmeg (ground),oz,1.8821,,,,1.8821,,,,,,3.0613,,,,3.0613,1.245,0.84,2026-08-11,2026-09-10,0.84,2.3189,,,,2.3189,,,,,,1.64,,,,1.64
ground-allspice,Allspice (ground),oz,4.3435,,,,4.3435,,,,,,3.3167,,,,3.3167,3.1868,,,,3.1868,1.9867,,,,1.9867,,,,,,1.06,,,,1.06
garam-masala,Garam Masala,oz,3.5235,,,,3.5235,,,,,,3.6611,,,,3.6611,2.33,,,,2.33,2.6862,,,,2.6862,,,,,,1.64,,,,1.64
japanese-curry-roux,Japanese Curry Roux,oz,,,,,,,,,,,,,,,,,,,,,1.2469,,,,1.2469,,,,,,0.9125,,,,0.9125
dried-dill,Dill Weed (dried),oz,3.9867,,,,3.9867,,,,,,3.78,,,,3.78,6.0172,,,,6.0172,5.9189,,,,5.9189,,,,,,2.96,,,,2.96
red-lentils,Red Lentils,oz,,,,,,,,,,,,,,,,,,,,,0.1556,0.33,2026-08-19,2026-09-16,0.1556,,,,,,0.1362,,,,0.1362
tartar-sauce,Tartar Sauce,floz,0.233,,,,0.233,,,,,,0.2325,,,,0.2325,0.2492,0.2317,2026-08-11,2026-09-10,0.2317,0.2078,,,,0.2078,,,,,,0.1367,,,,0.1367
keto-hamburger-buns,Keto Hamburger Buns,each,,,,,,,,,,,,,,,,,,,,,1.1238,,,,1.1238,,,,,,0.5975,,,,0.5975
kale,Kale,each,1.99,,,,1.99,,,,,,,,,,,1.99,3.48,2026-08-09,2026-09-08,1.99,1.99,,,,1.99,,,,,,1.62,,,,1.62
honeydew,Honeydew Melon,each,5.99,,,,5.99,,,,,,6.49,,,,6.49,,,,,,4.99,,,,4.99,,,,,,4.46,,,,4.46
fresh-stir-fry-blend,Stir-Fry Vegetable Blend (fresh),oz,0.2908,,,,0.2908,,,,,,,,,,,,,,,,0.2158,,,,0.2158,,,,,,,,,,
veggie-sausages,Veggie Sausages,oz,,,,,,,,,,,,,,,,,,,,,0.5633,,,,0.5633,,,,,,0.5419,0.495,2026-08-31,2026-09-30,0.495
green-onions,Green Onions (bunch),each,1.49,,,,1.49,,,,,,1.29,,,,1.29,0.99,,,,0.99,1.19,,,,1.19,,,,,,1.17,,,,1.17
lemons,Lemons,each,0.99,,,,0.99,,,,,,0.99,,,,0.99,0.99,,,,0.99,0.85,,,,0.85,,,,,,0.68,0.5,2026-09-05,2026-10-05,0.5
limes,Limes,each,0.99,,,,0.99,,,,,,0.89,,,,0.89,0.99,,,,0.99,0.69,,,,0.69,,,,,,0.25,,,,0.25
grapefruit,Grapefruit,each,,,,,,,,,,,1.99,,,,1.99,,,,,,1.5,,,,1.5,,,,,,1.36,,,,1.36
rice-vinegar,Rice Vinegar,floz,0.3908,,,,0.3908,,,,,,0.4492,,,,0.4492,,,,,,0.2908,,,,0.2908,,,,,,0.2433,,,,0.2433
hominy,Canned Hominy,oz,0.1219,,,,0.1219,,,,,,0.1031,,,,0.1031,0.109,0.0968,2026-08-09,2026-09-08,0.0968,0.0426,,,,0.0426,,,,,,0.0402,,,,0.0402
cocktail-sauce,Cocktail Sauce,oz,0.2075,,,,0.2075,,,,,,0.2325,,,,0.2325,0.2075,,,,0.2075,0.1658,0.5825,2026-08-19,2026-09-16,0.1658,,,,,,0.2225,,,,0.2225
mirin,Mirin (Sweet Cooking Wine),floz,0.699,,,,0.699,,,,,,,,,,,,,,,,0.549,,,,0.549,,,,,,0.26,,,,0.26
furniture-polish,Furniture Polish / Dusting Spray,oz,0.7206,,,,0.7206,,,,,,0.7206,,,,0.7206,0.2792,0.5627,2026-08-11,2026-09-10,0.2792,0.5832,,,,0.5832,0.4317,,,,0.4317,0.3738,,,,0.3738
creme-fraiche,Creme Fraiche,oz,,,,,,,,,,,,,,,,,,,,,0.8738,,,,0.8738,,,,,,,,,,
sweet-soy-sauce,Sweet Soy Sauce (Kecap Manis),floz,0.549,,,,0.549,,,,,,,,,,,,,,,,0.399,,,,0.399,,,,,,,,,,
insect-spray,Insect / Bug Spray (home),oz,0.3994,,,,0.3994,,,,,,,,,,,0.456,0.3994,2026-08-09,2026-09-08,0.3994,0.2654,,,,0.2654,,,,,,0.1249,0.0736,2026-08-31,2026-09-30,0.0736
pudding-cups,Pudding Cups,each,0.36,,,,0.36,0.98,,,,0.98,0.3975,,,,0.3975,,,,,,0.7488,0.7475,2026-08-03,2026-09-28,0.7475,0.2411,,,,0.2411,0.3308,0.3675,2026-08-31,2026-09-30,0.3308
hot-sauce,Hot Sauce,floz,0.1667,0.2494,2026-08-31,2026-09-27,0.1667,0.1158,,,,0.1158,0.1658,,,,0.1658,0.1592,,,,0.1592,0.1085,0.2992,2026-07-20,2026-09-14,0.1085,0.12,,,,0.12,0.13,0.5925,2026-08-31,2026-09-30,0.13
evaporated-milk,Evaporated Milk,oz,0.1567,0.1408,2026-08-31,2026-09-27,0.1408,,,,,,0.1492,,,,0.1492,0.1658,0.14,2026-08-11,2026-09-10,0.14,0.1075,,,,0.1075,0.1092,,,,0.1092,0.1017,0.0833,2026-08-31,2026-09-30,0.0833
baby-food,Baby Food (jars/pouches),oz,0.435,0.2857,2026-08-31,2026-09-27,0.2857,0.2225,,,,0.2225,0.2738,,,,0.2738,0.2725,0.235,2026-08-21,2026-09-20,0.235,0.1873,,,,0.1873,0.1998,,,,0.1998,0.1546,0.3133,2026-08-29,2026-09-28,0.1546
taco-seasoning,Taco Seasoning (packet),oz,0.528,0.79,2026-08-31,2026-09-27,0.528,0.46,,,,0.46,0.792,,,,0.792,1.19,0.88,,,0.88,0.5,0.99,2026-07-03,2026-09-09,0.5,0.6483,,,,0.6483,0.47,,,,0.47
cat-litter,Cat Litter,lb,0.3196,0.349,2026-08-31,2026-09-06,0.3196,0.4421,,,,0.4421,0.4345,,,,0.4345,0.3495,0.3345,2026-08-30,2026-09-29,0.3345,0.2995,,,,0.2995,0.4232,,,,0.4232,0.268,0.4849,2026-08-31,2026-09-30,0.268
trash-bags,Trash Bags (13 gal),each,,0.1998,2026-08-31,2026-09-06,0.1998,0.1082,,,,0.1082,,,,,,0.1763,0.1468,2026-08-20,2026-09-19,0.1468,0.1499,,,,0.1499,0.0936,,,,0.0936,0.1006,0.1246,2026-08-31,2026-09-30,0.1006
chicken-nuggets,Frozen Chicken Nuggets,oz,0.2584,0.2238,2026-08-31,2026-09-27,0.2238,0.1435,,,,0.1435,0.2498,,,,0.2498,0.2755,0.2178,2026-08-23,2026-09-22,0.2178,0.1873,0.1717,2026-08-12,2026-09-09,0.1717,0.1496,,,,0.1496,0.1704,0.2024,2026-08-31,2026-09-30,0.1704
muffins,Muffins (bakery),each,1.4975,0.658,2026-08-31,2026-09-27,0.658,0.9725,,,,0.9725,1.098,,,,1.098,0.99,,,,0.99,1.165,0.9983,2026-08-12,2026-09-09,0.9983,0.539,,,,0.539,0.5522,0.995,2026-08-31,2026-09-30,0.5522
cat-food,Cat Food (dry),lb,2.0603,4.598,2026-08-31,2026-09-27,2.0603,1.1714,,,,1.1714,1.3119,,,,1.3119,1.1658,1.0825,2026-08-09,2026-09-08,1.0825,1.0931,,,,1.0931,0.8,,,,0.8,0.6539,1.7598,2026-08-31,2026-09-30,0.6539
peanut-butter,Peanut Butter,oz,0.1495,0.1215,2026-09-04,2026-09-06,0.1215,0.0863,,,,0.0863,0.1556,,,,0.1556,0.2141,0.119,,,0.119,0.1014,0.0936,2026-07-15,2026-09-09,0.0936,0.0972,,,,0.0972,0.0919,0.0895,2026-08-31,2026-09-30,0.0895
parmesan,Parmesan (grated/shredded),oz,0.4362,0.6869,2026-08-31,2026-09-27,0.4362,0.3488,,,,0.3488,0.4056,,,,0.4056,0.4681,0.3675,,,0.3675,0.3333,0.375,2026-08-19,2026-09-09,0.3333,0.3092,,,,0.3092,0.3425,,,,0.3425
canned-pumpkin,Canned Pumpkin (100% puree),oz,,0.148,2026-08-31,2026-09-27,0.148,0.1193,,,,0.1193,0.1327,,,,0.1327,0.1721,0.1372,2026-08-11,2026-09-10,0.1372,0.146,,,,0.146,0.0871,,,,0.0871,0.1307,,,,0.1307
jelly,Jelly / Jam,oz,0.0891,0.1485,2026-08-31,2026-09-27,0.0891,0.0863,,,,0.0863,0.0997,,,,0.0997,0.1091,0.0931,,,0.0931,0.0872,0.1459,2026-07-15,2026-09-09,0.0872,0.0747,,,,0.0747,0.0856,0.1335,2026-08-31,2026-09-30,0.0856
mac-and-cheese,Macaroni & Cheese (boxed),each,0.976,0.9975,2026-08-31,2026-09-27,0.976,0.9225,,,,0.9225,1.5475,,,,1.5475,0.99,0.54,2026-08-09,2026-09-08,0.54,0.758,0.898,2026-08-19,2026-09-09,0.758,0.6089,,,,0.6089,0.8725,,,,0.8725
dog-food,Dog Food (dry),lb,0.8638,2.6647,2026-08-31,2026-09-27,0.8638,1.398,,,,1.398,0.7198,,,,0.7198,1.7685,2.198,2026-08-09,2026-09-08,1.7685,0.5998,,,,0.5998,0.5579,,,,0.5579,0.5993,1.049,2026-08-31,2026-09-30,0.5993
kielbasa,Kielbasa / Smoked Sausage,lb,4.7289,5.7114,2026-08-31,2026-09-27,4.7289,3.2952,,,,3.2952,4.56,,,,4.56,5.1314,,,,5.1314,3.76,3.4286,2026-08-19,2026-09-16,3.4286,2.2781,,,,2.2781,2.336,4.5114,2026-08-31,2026-09-30,2.336
sliced-cheese,Sliced Cheese,oz,0.2494,0.3713,2026-08-31,2026-09-27,0.2494,0.1542,,,,0.1542,0.3744,,,,0.3744,0.2908,0.2067,2026-08-31,2026-09-30,0.2067,0.1967,,,,0.1967,0.1521,,,,0.1521,0.145,0.42,2026-08-31,2026-09-30,0.145
aluminum-foil,Aluminum Foil,sq_ft,0.0664,0.0624,2026-08-31,2026-09-06,0.0624,,,,,,0.065,,,,0.065,0.08,0.0724,2026-08-21,2026-09-20,0.0724,0.1398,,,,0.1398,,,,,,0.0644,,,,0.0644
queso,Queso / Cheese Dip,oz,0.2327,0.1454,2026-08-31,2026-09-06,0.1454,0.1527,0.1527,2026-09-02,2026-09-08,0.1527,0.2604,,,,0.2604,0.2735,0.2039,2026-08-09,2026-09-08,0.2039,0.1993,0.2604,2026-08-08,2026-09-16,0.1993,0.1413,,,,0.1413,0.1002,,,,0.1002
tomatoes,Tomatoes (fresh),lb,0.97,2.4514,2026-08-31,2026-09-06,0.97,0.95,,,,0.95,2.99,,,,2.99,2,,,,2,2.49,,,,2.49,1.6567,,,,1.6567,0.9692,,,,0.9692
soda,Soda (12-pack),floz,0.0328,0.0197,2026-08-31,2026-09-27,0.0197,0.0146,,,,0.0146,0.0473,,,,0.0473,0.1395,,,,0.1395,0.0148,0.0148,2026-09-02,2026-09-08,0.0148,0.0312,,,,0.0312,0.0148,0.035,2026-08-31,2026-09-30,0.0148
baby-formula,Baby Formula,oz,1.6776,1.4995,2026-08-31,2026-09-06,1.4995,,,,,,1.2346,,,,1.2346,1.9347,1.7734,2026-08-09,2026-09-08,1.7734,0.9158,,,,0.9158,0.7704,,,,0.7704,0.7313,,,,0.7313
tomatoes-green-chilies,Diced Tomatoes with Green Chilies (Ro-Tel style),oz,0.0821,0.0683,2026-08-31,2026-09-06,0.0683,0.095,,,,0.095,0.0683,,,,0.0683,0.0786,0.1243,2026-08-09,2026-09-08,0.0786,0.1,,,,0.1,0.0998,,,,0.0998,0.0971,,,,0.0971
enchilada-sauce,Enchilada Sauce,oz,0.1139,0.0938,2026-08-31,2026-09-06,0.0938,,,,,,0.159,,,,0.159,0.179,0.158,2026-08-09,2026-09-08,0.158,0.0925,,,,0.0925,,,,,,0.1061,,,,0.1061
sun-dried-tomatoes,Sun-Dried Tomatoes,oz,0.4988,0.5146,2026-08-31,2026-09-06,0.4988,0.4738,,,,0.4738,0.7488,,,,0.7488,0.7113,0.6212,2026-08-11,2026-09-10,0.6212,0.61,0.4994,2026-08-19,2026-09-16,0.4994,0.4158,,,,0.4158,0.6094,,,,0.6094
cheese-tortellini,Cheese Tortellini,oz,0.1902,0.1596,2026-08-31,2026-09-06,0.1596,0.1693,,,,0.1693,0.2995,,,,0.2995,0.3153,0.2621,2026-08-11,2026-09-10,0.2621,0.1873,0.499,2026-07-15,2026-09-09,0.1873,0.2194,,,,0.2194,0.1881,,,,0.1881
whipped-cream,Whipped Cream / Topping,oz,0.235,0.1838,2026-08-31,2026-09-06,0.1838,0.1362,,,,0.1362,0.1737,,,,0.1737,0.2738,0.2212,2026-08-09,2026-09-08,0.2212,0.1556,,,,0.1556,0.1771,,,,0.1771,0.135,0.1969,2026-08-31,2026-09-30,0.135
fruit-cups,Fruit Cups,each,0.695,0.67,2026-08-31,2026-09-06,0.67,0.5475,,,,0.5475,0.7475,,,,0.7475,0.8225,0.695,2026-08-11,2026-09-10,0.695,0.6662,0.7492,2026-07-15,2026-09-16,0.6662,0.4575,,,,0.4575,0.5925,0.7425,2026-08-31,2026-09-30,0.5925
protein-bars,Protein Bars,each,0.698,2.5,2026-08-31,2026-09-06,0.698,0.4817,,,,0.4817,2.165,,,,2.165,0.665,0.3817,2026-08-20,2026-09-19,0.3817,0.958,0.858,2026-09-02,2026-09-23,0.858,0.3993,,,,0.3993,0.528,0.994,2026-08-31,2026-09-30,0.528
paper-napkins,Paper Napkins,each,0.0164,0.016,2026-08-31,2026-09-06,0.016,0.009,,,,0.009,0.0214,,,,0.0214,0.0249,0.0199,2026-08-11,2026-09-10,0.0199,0.0092,0.0175,2026-07-27,2026-10-19,0.0092,0.0059,,,,0.0059,0.007,0.014,2026-08-31,2026-09-30,0.007
storage-bags,Food Storage Bags (gallon),each,0.0992,0.0299,2026-08-31,2026-09-06,0.0299,0.0462,,,,0.0462,0.113,,,,0.113,0.149,0.124,2026-08-09,2026-09-08,0.124,0.1193,0.1458,2026-07-29,2026-09-09,0.1193,0.0792,,,,0.0792,0.0593,0.0995,2026-08-31,2026-09-30,0.0593
frozen-burritos,Frozen Burritos,each,,0.7488,2026-08-31,2026-09-06,0.7488,0.4738,,,,0.4738,,,,,,1.99,1.67,2026-08-11,2026-09-10,1.67,0.6244,,,,0.6244,,,,,,0.4775,,,,0.4775
frozen-fries,Frozen French Fries,oz,0.1374,0.1249,2026-08-31,2026-09-06,0.1249,0.0903,,,,0.0903,,,,,,0.1556,0.0934,,,0.0934,0.0911,0.0999,2026-08-29,2026-11-04,0.0911,0.067,,,,0.067,0.092,,,,0.092
beef-jerky,Beef Jerky,oz,2.4526,1.79,2026-08-31,2026-09-06,1.79,0.998,,,,0.998,1.4123,,,,1.4123,1.599,1.499,2026-08-11,2026-09-10,1.499,1.3112,1.2488,2026-09-02,2026-09-08,1.2488,1.055,,,,1.055,1.1429,,,,1.1429
garlic-bread,Garlic Bread (frozen),each,,2.48,2026-08-31,2026-09-06,2.48,1.95,,,,1.95,2.89,,,,2.89,4.49,3.99,2026-08-09,2026-09-08,3.99,2.19,,,,2.19,,,,,,1.97,,,,1.97
butter,Butter,lb,3.99,7.98,2026-08-31,2026-09-27,3.99,2.89,,,,2.89,4.49,,,,4.49,3.98,3.48,2026-08-11,2026-09-10,3.48,3.49,2.99,2026-09-02,2026-09-09,2.99,2.555,,,,2.555,2.976,3.84,2026-08-31,2026-09-30,2.976
yukon-gold-potatoes,Yellow / Yukon Gold Potatoes,lb,1.2667,,,,1.2667,2.1933,,,,2.1933,,0.798,2026-09-06,2026-09-12,0.798,,,,,,1.5967,,,,1.5967,0.955,,,,0.955,1.4433,,,,1.4433
blackberries,Blackberries,oz,0.4983,,,,0.4983,0.415,,,,0.415,0.6317,0.4983,2026-09-06,2026-09-12,0.4983,0.8317,0.4983,2026-08-26,2026-09-25,0.4983,0.4908,,,,0.4908,0.3308,,,,0.3308,0.4692,,,,0.4692
bananas,Bananas,lb,0.5,,,,0.5,0.49,,,,0.49,0.65,0.89,2026-09-06,2026-09-12,0.65,0.49,0.49,,,0.49,0.55,,,,0.55,0.49,,,,0.49,0.5089,0.2799,2026-08-31,2026-09-30,0.2799
sandwich-cookies,Sandwich Cookies,oz,0.3325,,,,0.3325,0.11,,,,0.11,0.2089,0.2745,2026-09-06,2026-09-12,0.2089,0.1396,0.1192,2026-08-11,2026-09-10,0.1192,0.1116,0.1745,2026-09-02,2026-09-08,0.1116,0.175,,,,0.175,0.1112,,,,0.1112
russet-potatoes,Russet Potatoes,lb,0.49,0.494,,,0.49,0.409,,,,0.409,0.579,0.598,2026-09-06,2026-09-12,0.579,0.798,0.598,2026-08-20,2026-09-19,0.598,0.5,,,,0.5,0.522,,,,0.522,0.594,,,,0.594
almond-milk,Almond Milk,floz,0.0467,,,,0.0467,0.0358,0.0358,2026-09-02,2026-09-08,0.0358,0.131,,,,0.131,0.0572,0.0508,2026-08-23,2026-09-22,0.0508,0.0436,0.052,2026-09-02,2026-09-08,0.0436,0.0611,,,,0.0611,0.04,,,,0.04
onions,Yellow / Sweet Onions,lb,1.33,,,,1.33,0.7967,,,,0.7967,0.998,1.29,2026-09-06,2026-09-12,0.998,1.33,,,,1.33,1.29,,,,1.29,0.8267,,,,0.8267,0.9867,,,,0.9867
cabbage,Cabbage (green),lb,0.99,0.89,,,0.89,0.79,,,,0.79,0.99,0.69,2026-09-06,2026-09-12,0.69,0.99,,,,0.99,0.99,,,,0.99,,,,,,0.85,,,,0.85
frozen-broccoli,Frozen Broccoli,oz,0.0783,,,,0.0783,0.0958,,,,0.0958,0.1492,0.25,2026-09-06,2026-09-12,0.1492,0.1537,0.1238,2026-08-09,2026-09-08,0.1238,0.1325,,,,0.1325,0.0994,,,,0.0994,0.0588,,,,0.0588
ground-beef-9010,Ground Beef 90/10,lb,,,,,,6.99,,,,6.99,,,,,,,,,,,9.6633,6.99,2026-09-02,2026-09-08,6.99,5.86,,,,5.86,6.88,,,,6.88
deli-ham,Ham (deli / sliced),oz,0.3119,,,,0.3119,0.2594,,,,0.2594,0.227,0.5619,2026-09-06,2026-09-12,0.227,0.31,0.4989,,,0.31,0.3329,0.3333,2026-08-08,2026-09-16,0.3329,0.206,,,,0.206,0.1238,0.265,2026-08-31,2026-09-30,0.1238
sports-drinks,Sports Drinks,floz,0.053,,,,0.053,0.0493,,,,0.0493,0.0624,,,,0.0624,0.0437,,,,0.0437,0.0555,0.0314,2026-09-02,2026-09-08,0.0314,0.027,,,,0.027,0.0436,0.0493,2026-08-31,2026-09-30,0.0436
blueberries,Blueberries,oz,0.4455,,,,0.4455,0.2312,,,,0.2312,0.3883,,,,0.3883,0.8153,0.7133,2026-08-26,2026-09-25,0.7133,0.3883,0.5092,2026-09-02,2026-09-09,0.3883,0.41,,,,0.41,0.4244,,,,0.4244
frozen-vegetables,Frozen Mixed Vegetables,oz,0.0783,,,,0.0783,0.0817,,,,0.0817,0.0996,0.25,2026-09-06,2026-09-12,0.0996,0.1247,0.0919,2026-08-31,2026-09-30,0.0919,0.0997,0.149,2026-08-22,2026-10-26,0.0997,,,,,,0.0806,,,,0.0806
fruit-punch,Fruit Punch,floz,0.0369,,,,0.0369,0.0303,,,,0.0303,0.0422,0.0339,2026-09-06,2026-09-12,0.0339,0.0671,0.0554,2026-08-11,2026-09-10,0.0554,0.0273,0.0234,2026-08-19,2026-09-09,0.0234,0.0502,,,,0.0502,0.0217,0.0287,2026-08-31,2026-09-30,0.0217
turkey-lunchmeat,Turkey (deli / sliced),oz,0.5544,,,,0.5544,0.2594,,,,0.2594,0.3564,0.5619,2026-09-06,2026-09-12,0.3564,0.4994,0.4369,2026-08-09,2026-09-08,0.4369,0.3431,0.4056,2026-08-19,2026-09-16,0.3431,0.41,,,,0.41,0.265,0.265,2026-08-31,2026-09-30,0.265
mushrooms,Mushrooms (white / baby bella),oz,0.3113,,,,0.3113,0.1862,,,,0.1862,0.2492,0.3738,2026-09-06,2026-09-12,0.2492,0.3113,0.2488,,,0.2488,0.25,,,,0.25,0.1654,,,,0.1654,0.2356,,,,0.2356
clementines,Clementines / Mandarins,lb,1.9967,,,,1.9967,0.9633,0.9633,2026-09-02,2026-09-08,0.9633,,,,,,1.9967,1.9233,2026-08-09,2026-09-08,1.9233,1.6633,1.598,2026-09-02,2026-09-08,1.598,1.524,,,,1.524,1.592,,,,1.592
watermelon,Whole Watermelon,each,4.67,4.48,2026-09-04,2026-09-06,4.48,4.65,4.65,2026-09-02,2026-09-08,4.65,6.99,4.99,2026-09-06,2026-09-12,4.99,6.96,5.22,,,5.22,5.99,3.99,2026-09-02,2026-09-08,3.99,5.97,,,,5.97,4.64,,,,4.64
raspberries,Raspberries,oz,0.8317,0.3317,2026-09-04,2026-09-06,0.3317,0.4483,,,,0.4483,0.4994,0.4983,2026-09-06,2026-09-12,0.4983,0.8317,0.48,2026-08-09,2026-09-08,0.48,0.5483,0.4983,2026-09-02,2026-09-08,0.4983,0.2475,,,,0.2475,0.4867,,,,0.4867
lemonade,Lemonade,floz,0.0575,,,,0.0575,0.0295,0.0363,2026-09-02,2026-09-08,0.0295,0.0422,0.0339,2026-09-06,2026-09-12,0.0339,0.039,0.0311,2026-08-11,2026-09-10,0.0311,0.0296,0.0294,2026-08-11,2026-09-16,0.0294,0.0258,,,,0.0258,0.0217,0.0415,2026-08-31,2026-09-30,0.0217
baby-back-ribs,Baby Back Ribs,lb,5.99,2.99,2026-09-04,2026-09-06,2.99,3.29,,,,3.29,5.49,,,,5.49,4.99,,,,4.99,4.49,2.99,2026-09-02,2026-09-08,2.99,3.14,,,,3.14,3.8406,3.3796,2026-08-29,2026-09-28,3.3796
toothpaste,Toothpaste,oz,0.5817,0.8267,2026-08-31,2026-09-27,0.5817,0.763,,,,0.763,0.4012,,,,0.4012,0.5246,0.4333,2026-08-09,2026-09-08,0.4333,0.3094,0.6333,2026-08-22,2026-09-23,0.3094,0.301,,,,0.301,0.3123,,,,0.3123
ice-cream,Ice Cream,floz,0.0584,0.1248,2026-08-31,2026-09-27,0.0584,0.0499,0.0519,2026-09-02,2026-09-08,0.0499,0.0663,,,,0.0663,0.1142,0.0821,,,0.0821,0.0623,0.0546,2026-07-15,2026-09-09,0.0546,0.05,,,,0.05,0.0566,0.0827,2026-08-31,2026-09-30,0.0566
pork-shoulder,Pork Shoulder / Butt,lb,2.99,1.48,2026-09-04,2026-09-06,1.48,2.99,,,,2.99,4.49,,,,4.49,1.99,,,,1.99,2.99,,,,2.99,1.94,,,,1.94,2.24,2.9702,2026-08-31,2026-09-30,2.24
bar-soap,Bar Soap,each,1.25,1,2026-08-31,2026-09-27,1,,,,,,0.9988,,,,0.9988,,,,,,0.7075,1.4967,2026-08-19,2026-09-23,0.7075,0.549,,,,0.549,0.6642,,,,0.6642
peaches,Peaches,lb,2.99,,,,2.99,1.39,1.39,2026-09-02,2026-09-08,1.39,2.99,,,,2.99,2.64,1.8537,,,1.8537,1.79,1.99,2026-09-02,2026-09-08,1.79,1.9967,,,,1.9967,1.835,,,,1.835
peanuts,Peanuts,oz,0.2175,,,,0.2175,0.1431,0.1431,2026-09-02,2026-09-08,0.1431,0.1869,,,,0.1869,0.2569,0.1854,2026-08-09,2026-09-08,0.1854,0.1681,,,,0.1681,0.0873,,,,0.0873,0.1612,,,,0.1612
potato-chips,Potato Chips,oz,0.3362,,,,0.3362,0.148,0.179,2026-09-02,2026-09-08,0.148,0.2568,0.4306,2026-09-06,2026-09-12,0.2568,0.3119,0.2488,2026-08-31,2026-09-30,0.2488,0.2146,0.4995,2026-08-05,2026-09-16,0.2146,0.1862,,,,0.1862,0.1923,0.1852,2026-08-31,2026-09-30,0.1852
paper-plates,Paper Plates,each,0.0348,,,,0.0348,0.0484,0.0484,2026-09-02,2026-09-08,0.0484,0.0679,,,,0.0679,0.1038,0.0621,2026-08-09,2026-09-08,0.0621,0.0483,0.0623,2026-08-19,2026-09-16,0.0483,0.0358,,,,0.0358,0.0417,0.0432,2026-08-31,2026-09-30,0.0417
sweet-corn,Sweet Corn (ear),each,1.2475,,,,1.2475,0.5975,0.5975,2026-09-02,2026-09-08,0.5975,1.4975,,,,1.4975,1,0.5,2026-08-31,2026-09-30,0.5,0.33,,,,0.33,0.6212,,,,0.6212,0.87,,,,0.87
cantaloupe,Cantaloupe,each,3.99,,,,3.99,,1.99,2026-09-02,2026-09-08,1.99,3.99,2.99,2026-09-06,2026-09-12,2.99,3.74,3.33,,,3.33,3.5,,,,3.5,,,,,,2.97,2.5,2026-09-05,2026-10-05,2.5
coffee-creamer,Coffee Creamer,floz,0.1244,,,,0.1244,0.0747,0.0841,2026-09-02,2026-09-08,0.0747,0.1248,0.125,2026-09-06,2026-09-12,0.1248,0.1248,0.1075,2026-08-09,2026-09-08,0.1075,0.0934,0.1559,2026-09-02,2026-09-23,0.0934,0.0861,,,,0.0861,0.0866,0.1971,2026-08-31,2026-09-30,0.0866
chicken-wings,Chicken Wings,lb,5.29,4.99,2026-09-04,2026-09-06,4.99,1.6909,2.49,2026-09-02,2026-09-08,1.6909,3.49,,,,3.49,4.99,,,,4.99,2.5,2.9975,2026-08-08,2026-09-16,2.5,1.997,,,,1.997,2.6712,2.6402,2026-08-31,2026-09-30,2.6402
zucchini,Zucchini / Yellow Squash,lb,1.99,,,,1.99,1.19,2.39,2026-09-02,2026-09-08,1.19,1.99,,,,1.99,1.9867,,,,1.9867,1.79,,,,1.79,,,,,,1.52,,,,1.52
cauliflower,Cauliflower,each,,3.48,2026-08-31,2026-09-06,3.48,2.89,,,,2.89,3.79,,,,3.79,2.69,1.98,,,1.98,,,,,,3.82,,,,3.82,2.96,,,,2.96
carrots,Carrots,lb,0.995,1.385,2026-08-31,2026-09-06,0.995,0.995,,,,0.995,1.145,0.995,2026-09-06,2026-09-12,0.995,0.998,0.898,2026-08-30,2026-09-29,0.898,0.998,1.79,2026-08-19,2026-09-16,0.998,0.912,,,,0.912,0.954,,,,0.954
fresh-green-beans,Green Beans (fresh),lb,3.99,2.99,2026-08-31,2026-09-06,2.99,2.99,,,,2.99,,,,,,2.92,1.92,2026-08-11,2026-09-10,1.92,2.19,,,,2.19,2.385,,,,2.385,1.6201,,,,1.6201
bell-peppers,Bell Peppers,each,,1.4975,2026-08-31,2026-09-06,1.4975,0.8967,,,,0.8967,,,,,,0.77,,,,0.77,0.89,,,,0.89,0.8283,,,,0.8283,1.48,,,,1.48
apples,Apples,lb,1.99,2.48,2026-08-31,2026-09-06,1.99,0.9967,,,,0.9967,1.79,1.99,2026-09-06,2026-09-12,1.79,1.48,1.68,,,1.48,1,,,,1,1.555,,,,1.555,1.3267,1.08,2026-08-31,2026-09-30,1.08
breakfast-sausage,Breakfast Sausage (pork),lb,4.88,4.48,2026-08-31,2026-09-06,4.48,2.89,,,,2.89,4.49,,,,4.49,3.9867,,,,3.9867,3.29,3.3333,2026-08-08,2026-09-16,3.29,3.67,,,,3.67,3.18,,,,3.18
oranges,Oranges,lb,1.4975,1.98,2026-08-31,2026-09-06,1.4975,1.13,,,,1.13,1.4475,,,,1.4475,2,1.4889,,,1.4889,1.1238,,,,1.1238,1.3217,,,,1.3217,1.13,,,,1.13
strawberries,Strawberries,oz,0.2494,0.3744,2026-08-31,2026-09-06,0.2494,0.1431,,,,0.1431,0.3119,,,,0.3119,0.2145,0.1495,2026-08-31,2026-09-30,0.1495,0.1561,0.5,2026-07-15,2026-09-09,0.1561,0.1866,,,,0.1866,0.147,0.1727,2026-08-31,2026-09-30,0.147
salsa,Salsa,oz,0.1681,0.2494,2026-08-31,2026-09-06,0.1681,0.1079,0.1079,2026-09-02,2026-09-08,0.1079,0.1556,,,,0.1556,0.1372,0.1246,2026-08-09,2026-09-08,0.1246,0.1329,0.2181,2026-08-19,2026-09-16,0.1329,0.0984,,,,0.0984,0.1231,,,,0.1231
salmon,Salmon (fillets),lb,6.392,11.98,2026-08-31,2026-09-06,6.392,5.425,,,,5.425,10.49,9.99,2026-09-06,2026-09-12,9.99,7.992,,,,7.992,9.99,7.992,2026-08-19,2026-10-14,7.992,9.976,,,,9.976,8.9651,8.87,2026-08-31,2026-09-30,8.87
cream-cheese,Cream Cheese,oz,0.3113,0.1875,2026-08-31,2026-09-06,0.1875,0.1862,,,,0.1862,0.2331,,,,0.2331,0.3738,0.18,2026-08-30,2026-09-29,0.18,0.2056,,,,0.2056,0.1381,,,,0.1381,0.1856,0.3731,2026-08-31,2026-09-30,0.1856
tilapia,Tilapia Fillets,lb,9.32,7.9867,2026-08-31,2026-09-06,7.9867,4.425,,,,4.425,6.29,4.99,2026-09-06,2026-09-12,4.99,7.99,,,,7.99,5,6.99,2026-08-11,2026-09-16,5,4.2133,,,,4.2133,4.3675,,,,4.3675
shrimp,"Shrimp (frozen, raw)",lb,7.9867,9.1314,2026-08-31,2026-09-06,7.9867,7.36,,,,7.36,9.99,,,,9.99,8.6533,,,,8.6533,8.99,8.99,2026-08-19,2026-09-16,8.99,5.82,,,,5.82,6.76,6.94,2026-08-31,2026-09-30,6.76
sirloin-steak,Sirloin Steak,lb,11.99,9.99,2026-08-31,2026-09-06,9.99,7.99,,,,7.99,5.49,,,,5.49,7.99,,,,7.99,9.99,,,,9.99,6.47,,,,6.47,8.8182,,,,8.8182
ribeye-steak,Ribeye Steak,lb,14.6533,15.69,2026-08-31,2026-09-06,14.6533,10.99,,,,10.99,18.49,,,,18.49,,,,,,17.99,10.99,2026-09-02,2026-09-08,10.99,12.97,,,,12.97,14.8727,17.972,2026-08-31,2026-09-30,14.8727
chicken-breast,Boneless Skinless Chicken Breast,lb,3.99,3.99,2026-08-31,2026-09-06,3.99,2.19,,,,2.19,2.99,3.99,2026-09-06,2026-09-12,2.99,4.99,,,,4.99,2.59,,,,2.59,2.48,,,,2.48,2.5684,2.2301,2026-08-31,2026-09-30,2.2301
pork-chops,Pork Chops,lb,4.29,3.99,2026-08-31,2026-09-06,3.99,2.9889,,,,2.9889,4.79,,,,4.79,3.99,,,,3.99,4.4444,3.99,2026-08-19,2026-11-11,3.99,2.52,,,,2.52,3.27,3.7701,2026-08-31,2026-09-30,3.27
dryer-sheets,Dryer Sheets,each,0.0599,0.05,2026-08-31,2026-09-06,0.05,0.0299,,,,0.0299,0.0374,,,,0.0374,0.0495,0.0328,2026-08-11,2026-09-10,0.0328,0.035,,,,0.035,0.0199,,,,0.0199,0.0304,0.0767,2026-08-31,2026-09-30,0.0304
cheese-crackers,Cheese Crackers,oz,0.3621,0.2016,2026-08-31,2026-09-06,0.2016,0.1805,,,,0.1805,0.209,0.2823,2026-09-06,2026-09-12,0.209,0.3557,0.2543,2026-08-11,2026-09-10,0.2543,0.2331,,,,0.2331,0.1791,,,,0.1791,0.2029,0.2557,2026-08-31,2026-09-30,0.2029
hot-dogs,Hot Dogs,oz,0.1067,0.1562,2026-08-31,2026-09-06,0.1067,0.0825,0.2993,2026-09-02,2026-09-08,0.0825,0.1431,,,,0.1431,0.12,0.1119,2026-08-11,2026-09-10,0.1119,0.0977,0.1106,2026-09-02,2026-09-08,0.0977,0.0835,,,,0.0835,0.0833,0.0929,2026-08-31,2026-09-30,0.0833
bread,Bread (loaf),each,1.99,2.49,2026-08-31,2026-09-06,1.99,1.45,4.49,2026-09-02,2026-09-08,1.45,1.99,,,,1.99,1.69,,,,1.69,1.19,1.99,2026-07-15,2026-09-09,1.19,1.76,,,,1.76,1.48,2.86,2026-08-31,2026-09-30,1.48
sour-cream,Sour Cream,oz,0.1675,0.1244,2026-08-31,2026-09-06,0.1244,0.1094,,,,0.1094,0.1371,0.1681,2026-09-06,2026-09-12,0.1371,0.1871,0.1433,,,0.1433,0.1204,0.2288,2026-08-17,2026-09-14,0.1204,0.1154,,,,0.1154,0.1142,,,,0.1142
ground-beef-8020,80/20 Ground Beef,lb,6.83,4.98,2026-08-31,2026-09-06,4.98,5.29,,,,5.29,7.33,,,,7.33,5.99,,,,5.99,6.6667,,,,6.6667,4.77,,,,4.77,5.493,4.943,2026-08-31,2026-09-30,4.943
grapes,Grapes,lb,2.99,1.97,2026-08-31,2026-09-06,1.97,1.6889,2.2967,2026-09-02,2026-09-08,1.6889,3.69,2.99,2026-09-06,2026-09-12,2.99,1.99,2.99,,,1.99,2.6633,1.99,2026-09-02,2026-09-08,1.99,1.6233,,,,1.6233,1.9689,1.6711,2026-08-31,2026-09-30,1.6711
hot-dog-buns,Hot Dog Buns,each,0.2488,0.16,2026-09-04,2026-09-06,0.16,,,,,,0.5362,,,,0.5362,0.185,,,,0.185,0.1862,0.3113,2026-07-15,2026-09-09,0.1862,0.2425,,,,0.2425,0.185,0.2462,2026-08-31,2026-09-30,0.185
avocados,Avocados,each,,0.69,2026-08-31,2026-09-06,0.69,0.4817,0.9225,2026-09-02,2026-09-08,0.4817,1.49,,,,1.49,1.5,0.99,,,0.99,0.9975,,,,0.9975,1.314,,,,1.314,0.58,,,,0.58
bratwurst,Bratwurst,lb,4.9853,4.2021,2026-08-31,2026-09-06,4.2021,2.3825,,,,2.3825,5.3244,,,,5.3244,5.0442,,,,5.0442,3.5467,,,,3.5467,,,,,,4.5195,,,,4.5195
charcoal,Charcoal Briquets,lb,0.7779,0.6869,2026-08-31,2026-09-06,0.6869,,,,,,0.8744,,,,0.8744,0.713,0.5182,2026-08-23,2026-09-22,0.5182,0.7079,0.5188,2026-08-17,2026-09-14,0.5188,0.587,,,,0.587,0.4925,0.99,2026-08-31,2026-09-30,0.4925
bbq-sauce,BBQ Sauce,oz,0.1267,0.2574,2026-08-31,2026-09-06,0.1267,0.0939,0.0939,2026-09-02,2026-09-08,0.0939,0.1106,,,,0.1106,0.1372,0.112,2026-08-30,2026-09-29,0.112,0.1106,,,,0.1106,0.07,,,,0.07,0.0872,0.0743,2026-08-31,2026-09-30,0.0743
diapers,Diapers,each,0.2668,0.25,2026-08-31,2026-09-06,0.25,0.1499,,,,0.1499,0.1748,,,,0.1748,0.2906,0.2788,2026-08-30,2026-09-29,0.2788,0.168,0.2716,2026-08-10,2026-09-07,0.168,0.1402,,,,0.1402,0.1556,0.2496,2026-08-31,2026-09-30,0.1556
laundry-pods,Laundry Detergent Pods,each,0.3206,0.1,2026-08-31,2026-09-06,0.1,0.2131,,,,0.2131,0.2974,,,,0.2974,0.5619,0.3738,2026-08-09,2026-09-08,0.3738,0.2496,,,,0.2496,0.1498,,,,0.1498,0.1795,0.1996,2026-08-31,2026-09-30,0.1795
marshmallows,Marshmallows,oz,0.0962,0.1244,2026-08-31,2026-09-06,0.0962,0.115,,,,0.115,0.1244,0.129,2026-09-06,2026-09-12,0.1244,0.1681,0.1244,2026-08-11,2026-09-10,0.1244,0.1244,,,,0.1244,0.1713,,,,0.1713,0.0731,,,,0.0731
graham-crackers,Graham Crackers,oz,0.2076,0.2,2026-08-31,2026-09-06,0.2,0.1382,,,,0.1382,0.2285,,,,0.2285,0.2764,0.2417,2026-08-11,2026-09-10,0.2417,0.159,0.3812,2026-07-15,2026-09-16,0.159,0.1559,,,,0.1559,0.15,,,,0.15
mustard,Yellow Mustard,oz,0.0693,0.1556,2026-08-31,2026-09-06,0.0693,0.0495,,,,0.0495,0.0995,,,,0.0995,0.1145,0.0985,,,0.0985,0.0988,,,,0.0988,0.0512,,,,0.0512,0.05,,,,0.05
ketchup,Ketchup,oz,0.0784,0.0521,2026-08-31,2026-09-06,0.0521,0.0513,,,,0.0513,0.0662,,,,0.0662,0.0708,0.0653,2026-08-31,2026-09-30,0.0653,0.0545,0.0745,2026-07-15,2026-09-09,0.0545,0.0832,,,,0.0832,0.0506,0.0758,2026-08-31,2026-09-30,0.0506
frozen-pizza,Frozen Pizza,each,3,3.33,2026-08-31,2026-09-06,3,2.99,,,,2.99,7.49,7.29,2026-09-06,2026-09-12,7.29,4.49,3.33,2026-08-11,2026-09-10,3.33,3.99,,,,3.99,2.97,,,,2.97,3.84,2.96,2026-08-31,2026-09-30,2.96
bagels,Bagels,each,0.5467,0.6133,2026-08-31,2026-09-06,0.5467,0.3317,,,,0.3317,0.5983,,,,0.5983,0.665,0.3333,,,0.3333,0.415,1.1975,2026-08-19,2026-09-16,0.415,0.5817,,,,0.5817,0.3567,,,,0.3567
cereal,Breakfast Cereal,oz,0.1661,0.1544,2026-08-31,2026-09-06,0.1544,0.1472,,,,0.1472,0.1643,,,,0.1643,,,,,,0.1106,0.1191,2026-09-02,2026-09-08,0.1106,0.1199,,,,0.1199,0.1449,0.2324,2026-08-31,2026-09-30,0.1449
hash-browns,Frozen Hash Browns,oz,0.1493,0.1088,2026-08-31,2026-09-06,0.1088,0.1152,,,,0.1152,0.1665,,,,0.1665,0.1556,0.0934,2026-08-09,2026-09-08,0.0934,0.1184,,,,0.1184,0.2721,,,,0.2721,0.1069,,,,0.1069
english-muffins,English Muffins,each,0.3317,0.4983,2026-08-31,2026-09-06,0.3317,,,,,,0.4658,,,,0.4658,0.7483,0.665,2026-08-09,2026-09-08,0.665,0.2983,0.665,2026-09-02,2026-09-23,0.2983,0.49,,,,0.49,0.27,0.5633,2026-08-31,2026-09-30,0.27
breakfast-sandwiches,Frozen Breakfast Sandwiches,each,,1.5725,2026-08-31,2026-09-06,1.5725,,,,,,1.7488,,,,1.7488,0.898,0.796,2026-09-06,2026-10-06,0.796,1.3738,2.1225,2026-08-31,2026-10-12,1.3738,0.9775,,,,0.9775,1.2462,,,,1.2462
bottled-water,Bottled Water (24-pack),each,0.2079,0.0829,2026-09-04,2026-09-06,0.0829,0.1996,,,,0.1996,0.1662,0.1782,2026-09-06,2026-09-12,0.1662,0.1871,0.1612,,,0.1612,0.1538,0.0998,2026-09-02,2026-09-08,0.0998,0.0995,,,,0.0995,0.1367,0.1033,2026-08-31,2026-09-30,0.1033
granola-bars,Granola Bars,each,0.3328,0.5467,2026-08-31,2026-09-06,0.3328,0.175,,,,0.175,0.279,,,,0.279,0.349,0.288,2026-08-31,2026-09-30,0.288,0.2383,0.2667,2026-08-19,2026-09-16,0.2383,0.1663,,,,0.1663,0.1558,0.2733,2026-08-31,2026-09-30,0.1558
bacon,Bacon,lb,4.89,3.9867,2026-09-04,2026-09-06,3.9867,3.95,,,,3.95,5.32,5.99,2026-09-06,2026-09-12,5.32,4.99,,,,4.99,4.4444,4.99,2026-09-02,2026-09-08,4.4444,3.986,,,,3.986,3.96,4.4639,2026-08-31,2026-09-30,3.96
granola,Granola,oz,0.3627,0.3627,2026-08-31,2026-09-27,0.3627,0.2321,,,,0.2321,0.2825,,,,0.2825,0.285,0.2129,2026-08-11,2026-09-10,0.2129,0.2718,0.2273,2026-07-15,2026-09-09,0.2273,0.1432,,,,0.1432,0.2067,,,,0.2067
fruit-snacks,Fruit Snacks,each,0.249,0.297,2026-08-31,2026-09-06,0.249,0.297,,,,0.297,0.2304,,,,0.2304,,,,,,0.1968,0.1998,2026-07-15,2026-09-09,0.1968,0.1327,,,,0.1327,0.1865,0.1945,2026-08-31,2026-09-30,0.1865
applesauce,Applesauce,oz,0.0767,0.1717,2026-08-31,2026-09-06,0.0767,0.0812,,,,0.0812,0.0894,,,,0.0894,0.0933,0.0808,2026-08-09,2026-09-08,0.0808,0.0738,0.182,2026-07-15,2026-09-16,0.0738,0.0642,,,,0.0642,0.0758,0.1815,2026-08-26,2026-09-25,0.0758
rice,White Rice,lb,0.938,3.531,2026-08-31,2026-09-06,0.938,0.798,,,,0.798,1,,,,1,0.998,1.99,,,0.998,0.895,1.7029,2026-09-02,2026-09-08,0.895,0.4396,,,,0.4396,0.573,1.072,2026-08-31,2026-09-30,0.573
condensed-milk,Sweetened Condensed Milk,oz,0.1993,0.3805,2026-08-31,2026-09-06,0.1993,0.1636,,,,0.1636,0.2064,,,,0.2064,0.2136,0.1921,2026-08-09,2026-09-08,0.1921,0.1707,,,,0.1707,0.1426,,,,0.1426,0.166,,,,0.166
pancake-mix,Pancake Mix,oz,0.0841,0.0838,2026-08-31,2026-09-06,0.0838,0.0609,,,,0.0609,0.0841,,,,0.0841,0.0934,0.0841,2026-08-11,2026-09-10,0.0841,0.0684,0.0934,2026-09-02,2026-09-08,0.0684,0.0484,,,,0.0484,0.0619,,,,0.0619
yogurt,Yogurt,oz,0.0983,0.1,2026-08-31,2026-09-06,0.0983,0.0809,0.0872,2026-09-02,2026-09-08,0.0809,0.1317,0.259,2026-09-06,2026-09-12,0.1317,0.1247,0.1022,2026-08-11,2026-09-10,0.1022,0.1091,0.1167,2026-09-02,2026-09-16,0.1091,0.0739,,,,0.0739,0.0825,,,,0.0825
pretzels,Pretzels,oz,0.1993,0.2181,2026-08-31,2026-09-06,0.1993,0.1369,,,,0.1369,0.1619,,,,0.1619,0.1869,,,,0.1869,0.1667,0.3746,2026-07-15,2026-09-09,0.1667,0.1413,,,,0.1413,0.1525,,,,0.1525
coffee,Coffee (ground/beans),oz,0.5262,0.5672,2026-08-31,2026-09-27,0.5262,0.3825,0.6658,2026-09-02,2026-09-08,0.3825,0.5087,,,,0.5087,,,,,,0.4997,,,,0.4997,0.394,,,,0.394,0.4906,0.7467,2026-08-31,2026-09-30,0.4906
canned-chicken,Canned Chicken Breast,oz,0.1992,0.3248,2026-08-31,2026-09-06,0.1992,0.2072,,,,0.2072,0.3192,,,,0.3192,0.3192,0.2672,2026-08-09,2026-09-08,0.2672,0.2332,0.3592,2026-09-02,2026-09-23,0.2332,0.1675,,,,0.1675,0.2273,,,,0.2273
mixed-nuts,Mixed Nuts,oz,,0.533,2026-08-31,2026-09-06,0.533,0.3654,,,,0.3654,0.533,,,,0.533,0.5711,0.4639,2026-08-11,2026-09-10,0.4639,0.4279,0.4369,2026-08-22,2026-09-16,0.4279,0.4406,,,,0.4406,0.3548,,,,0.3548
crackers,Crackers (saltine/buttery),oz,0.1175,0.1244,2026-08-31,2026-09-06,0.1175,0.1156,,,,0.1156,0.1556,0.2555,2026-09-06,2026-09-12,0.1556,0.1862,0.1244,2026-08-30,2026-09-29,0.1244,0.1181,0.2493,2026-09-02,2026-09-08,0.1181,0.155,,,,0.155,0.1175,,,,0.1175
sugar,Granulated Sugar,lb,0.7725,0.87,2026-08-31,2026-09-06,0.7725,0.6975,,,,0.6975,0.8975,,,,0.8975,0.81,,,,0.81,0.6596,1.8543,2026-08-17,2026-09-14,0.6596,0.5992,,,,0.5992,0.7296,,,,0.7296
rice-cakes,Rice Cakes,oz,0.6102,0.3796,2026-08-31,2026-09-06,0.3796,0.4802,,,,0.4802,0.5662,,,,0.5662,0.621,0.5519,2026-08-11,2026-09-10,0.5519,0.4558,,,,0.4558,0.4216,,,,0.4216,0.467,,,,0.467
feta,Feta Cheese,oz,0.615,0.6658,2026-08-31,2026-09-06,0.615,0.37,,,,0.37,1.1238,,,,1.1238,0.87,0.745,2026-08-09,2026-09-08,0.745,0.8317,0.7075,2026-07-15,2026-09-09,0.7075,0.3033,,,,0.3033,0.5633,,,,0.5633
tortilla-chips,Tortilla Chips,oz,0.2069,0.266,2026-08-31,2026-09-06,0.2069,0.1654,0.1654,2026-09-02,2026-09-08,0.1654,0.1915,0.4642,2026-09-06,2026-09-12,0.1915,0.2173,0.2129,2026-08-09,2026-09-08,0.2129,0.1494,0.1818,2026-07-22,2026-09-16,0.1494,0.1446,,,,0.1446,0.143,0.3308,2026-08-31,2026-09-30,0.143
cookies,Cookies (packaged),oz,0.3121,0.429,2026-08-31,2026-09-06,0.3121,0.1106,,,,0.1106,0.2815,0.2815,2026-09-06,2026-09-12,0.2815,0.2075,0.1658,2026-08-30,2026-09-29,0.1658,0.1408,0.179,2026-07-17,2026-09-09,0.1408,0.1608,,,,0.1608,0.1372,,,,0.1372
toaster-pastries,Toaster Pastries,each,0.3738,0.2975,2026-08-31,2026-09-06,0.2975,0.1883,,,,0.1883,0.2325,,,,0.2325,0.3317,0.25,2026-08-11,2026-09-10,0.25,0.3122,,,,0.3122,0.2079,,,,0.2079,0.1883,0.1692,2026-08-31,2026-09-30,0.1692
flour,All-Purpose Flour,lb,0.476,0.596,2026-08-31,2026-09-06,0.476,0.39,,,,0.39,0.5596,,,,0.5596,0.696,0.528,,,0.528,0.479,,,,0.479,0.3392,,,,0.3392,0.4308,,,,0.4308
cream-of-chicken-soup,Cream of Chicken Soup,oz,0.0667,0.0943,2026-08-31,2026-09-06,0.0667,0.0695,,,,0.0695,0.081,,,,0.081,0.141,0.0933,2026-08-11,2026-09-10,0.0933,0.0727,,,,0.0727,0.1069,,,,0.1069,0.0705,,,,0.0705
cooking-spray,Cooking Spray,oz,0.696,0.4983,2026-08-31,2026-09-06,0.4983,0.3113,,,,0.3113,0.4817,,,,0.4817,0.5612,0.4362,2026-08-30,2026-09-29,0.4362,0.3742,,,,0.3742,0.3117,,,,0.3117,0.315,,,,0.315
kidney-beans,Kidney Beans (canned),oz,0.0639,0.0568,2026-08-31,2026-09-06,0.0568,0.0548,,,,0.0548,0.0639,,,,0.0639,0.0865,0.0639,,,0.0639,0.0638,,,,0.0638,0.0665,,,,0.0665,0.0564,,,,0.0564
baked-beans,Baked Beans,oz,,0.055,2026-08-31,2026-09-06,0.055,0.0711,0.0711,2026-09-02,2026-09-08,0.0711,0.0791,,,,0.0791,0.0747,0.0593,2026-08-11,2026-09-10,0.0593,0.0782,0.1458,2026-06-17,2026-09-09,0.0782,0.0733,,,,0.0733,0.0747,,,,0.0747
brownie-mix,Brownie Mix,each,1.78,1.79,2026-08-31,2026-09-06,1.78,1.59,,,,1.59,1.69,,,,1.69,2.69,1.79,2026-08-11,2026-09-10,1.79,1.99,1.5,2026-09-02,2026-09-16,1.5,2.37,,,,2.37,1.72,,,,1.72
cake-mix,Cake Mix,each,1.29,0.99,,,0.99,1.09,,,,1.09,1.69,,,,1.69,1.29,1.49,2026-08-09,2026-09-08,1.29,1.59,1.5,2026-09-02,2026-09-16,1.5,,,,,,0.98,1.47,2026-08-31,2026-09-30,0.98
steak-sauce,Steak Sauce (A.1. style),floz,0.278,0.199,2026-08-31,2026-09-06,0.199,0.199,,,,0.199,0.3326,,,,0.3326,0.349,0.299,2026-08-09,2026-09-08,0.299,0.4993,0.499,2026-09-02,2026-09-23,0.499,0.2145,,,,0.2145,0.214,,,,0.214
oatmeal,Oats / Oatmeal,oz,0.1188,0.1383,2026-08-31,2026-09-06,0.1188,0.095,,,,0.095,0.1517,,,,0.1517,0.1569,0.1331,2026-08-09,2026-09-08,0.1331,0.1069,0.1939,2026-07-13,2026-09-14,0.1069,0.0499,,,,0.0499,0.0995,,,,0.0995
sparkling-water,Sparkling Water,floz,0.045,,,,0.045,0.0234,,,,0.0234,0.0818,,,,0.0818,0.0441,0.0296,2026-08-11,2026-09-10,0.0296,0.0296,0.0311,2026-09-02,2026-09-08,0.0296,0.0245,,,,0.0245,0.0249,0.0747,2026-08-31,2026-09-30,0.0249
pesto,Pesto (jarred),oz,0.5955,,,,0.5955,0.4988,,,,0.4988,0.87,,,,0.87,,,,,,,,,,,0.39,,,,0.39,0.4299,,,,0.4299
brown-gravy-mix,Brown Gravy Mix (dry packet),oz,0.7236,,,,0.7236,0.5517,,,,0.5517,0.6782,,,,0.6782,0.8466,0.7273,2026-08-11,2026-09-10,0.7273,0.5431,,,,0.5431,0.2562,,,,0.2562,0.4605,,,,0.4605
brandy,Brandy,floz,0.5516,,,,0.5516,,,,,,0.5122,,,,0.5122,0.4728,,,,0.4728,0.4052,0.3715,2026-08-20,2026-09-30,0.3715,0.3258,,,,0.3258,0.3292,,,,0.3292
onion-powder,Onion Powder,oz,0.4545,,,,0.4545,0.3779,,,,0.3779,0.7511,,,,0.7511,0.42,,,,0.42,0.7143,,,,0.7143,0.3592,,,,0.3592,0.3323,,,,0.3323
broccoli,Broccoli (fresh),lb,2.69,,,,2.69,2.09,,,,2.09,2.99,,,,2.99,2.48,2.2629,2026-08-26,2026-09-25,2.2629,2.19,,,,2.19,3.12,,,,3.12,2.1208,,,,2.1208
turkey-bacon,Turkey Bacon,oz,0.3325,,,,0.3325,0.349,,,,0.349,0.3325,,,,0.3325,0.4158,,,,0.4158,0.3325,,,,0.3325,0.3465,,,,0.3465,0.3267,,,,0.3267
cucumbers,Cucumbers,each,0.99,,,,0.99,0.75,,,,0.75,1.29,,,,1.29,1.17,,,,1.17,0.89,,,,0.89,1.09,,,,1.09,0.76,,,,0.76
frozen-fruit,Frozen Fruit / Berries,oz,0.4992,,,,0.4992,0.1579,,,,0.1579,0.2748,,,,0.2748,0.3431,,,,0.3431,0.1561,,,,0.1561,0.1247,,,,0.1247,0.1472,,,,0.1472
hamburger-buns,Hamburger Buns,each,0.2488,0.16,2026-08-31,2026-09-06,0.16,,,,,,0.2488,,,,0.2488,0.2742,0.1658,2026-08-20,2026-09-19,0.1658,0.1862,0.3113,2026-07-15,2026-09-09,0.1862,0.2425,,,,0.2425,0.185,0.2462,2026-08-31,2026-09-30,0.185
pickled-jalapenos,Pickled Jalapenos (sliced),oz,0.2908,,,,0.2908,0.1556,,,,0.1556,0.0881,,,,0.0881,0.2492,0.2492,2026-08-09,2026-09-08,0.2492,0.1199,0.1869,2026-07-15,2026-09-09,0.1199,0.0677,,,,0.0677,0.0957,,,,0.0957
pickles,Pickles (dill),oz,0.1162,,,,0.1162,0.0841,,,,0.0841,0.1162,,,,0.1162,0.1153,0.0866,,,0.0866,0.0934,0.1121,2026-08-12,2026-09-09,0.0934,0.05,,,,0.05,0.0745,0.1112,2026-08-31,2026-09-30,0.0745
garlic-powder,Garlic Powder,oz,0.4167,,,,0.4167,0.3173,,,,0.3173,0.556,,,,0.556,0.38,,,,0.38,0.5935,2.3289,2026-08-19,2026-09-30,0.5935,0.3569,,,,0.3569,0.3176,0.4436,2026-08-31,2026-09-30,0.3176
black-peppercorns,Black peppercorns,oz,,,,,,,,,,,0.8877,,,,0.8877,0.6244,0.4994,2026-08-26,2026-09-25,0.4994,0.9215,,,,0.9215,0.5118,,,,0.5118,2.1343,,,,2.1343
french-bread,French Bread / Baguette,each,2.99,,,,2.99,1.85,,,,1.85,2.99,,,,2.99,2.99,2.49,2026-08-11,2026-09-10,2.49,1.99,,,,1.99,2.23,,,,2.23,1.47,,,,1.47
dinner-rolls,Dinner Rolls,each,0.1871,,,,0.1871,0.2042,,,,0.2042,0.3325,,,,0.3325,0.4162,0.3317,2026-09-06,2026-10-06,0.3317,0.2742,,,,0.2742,0.1658,,,,0.1658,0.205,,,,0.205
green-olives,Green Olives (stuffed),oz,0.2313,,,,0.2313,,,,,,,,,,,0.3805,0.309,2026-08-09,2026-09-08,0.309,0.4662,0.4757,2026-08-12,2026-09-09,0.4662,0.21,,,,0.21,0.28,,,,0.28
black-olives,"Black Olives (canned, ripe)",oz,0.3283,,,,0.3283,0.265,,,,0.265,,,,,,0.3817,0.3333,2026-08-26,2026-09-25,0.3333,0.3317,,,,0.3317,0.2944,,,,0.2944,0.3283,,,,0.3283
smoked-turkey-sausage,Smoked Turkey Sausage,lb,5.8785,,,,5.8785,3.5569,,,,3.5569,5.32,,,,5.32,,,,,,4.0492,3.6923,2026-08-19,2026-09-16,3.6923,2.8838,,,,2.8838,4.9012,,,,4.9012
honey,Honey,oz,0.3325,,,,0.3325,0.2079,,,,0.2079,0.2915,,,,0.2915,0.3331,0.3122,,,0.3122,0.2496,0.3742,2026-08-22,2026-09-16,0.2496,0.1662,,,,0.1662,0.2246,0.3226,2026-08-31,2026-09-30,0.2246
powdered-sugar,Powdered Sugar,lb,0.99,,,,0.99,0.925,,,,0.925,1.795,,,,1.795,2.99,,,,2.99,1.145,,,,1.145,0.9971,,,,0.9971,0.99,,,,0.99
pasta,Pasta (dry),oz,0.0793,0.0744,,,0.0744,0.0591,,,,0.0591,0.0744,,,,0.0744,0.1119,0.0619,2026-08-09,2026-09-08,0.0619,0.0831,,,,0.0831,0.0571,,,,0.0571,0.0606,,,,0.0606
maple-syrup,Syrup (pancake / maple),floz,0.0983,0.12,2026-08-31,2026-09-06,0.0983,0.0979,,,,0.0979,,,,,,0.1454,0.1242,2026-08-09,2026-09-08,0.1242,0.0912,0.1814,2026-07-13,2026-09-14,0.0912,0.0942,,,,0.0942,0.0811,,,,0.0811
stuffing-mix,Stuffing Mix,oz,0.1617,,,,0.1617,0.1583,,,,0.1583,0.2317,,,,0.2317,0.4575,,,,0.4575,0.215,,,,0.215,0.2706,,,,0.2706,0.1617,0.2817,2026-08-31,2026-09-30,0.1617
brown-rice,Brown Rice,lb,1.745,,,,1.745,,,,,,1.19,,,,1.19,,,,,,0.895,,,,0.895,0.996,,,,0.996,0.88,,,,0.88
brown-sugar,Brown Sugar,lb,0.985,,,,0.985,0.925,,,,0.925,,,,,,1.495,1.195,2026-08-23,2026-09-22,1.195,1.145,,,,1.145,0.9971,,,,0.9971,0.99,,,,0.99
instant-mashed-potatoes,Instant Mashed Potatoes,oz,0.37,0.2475,,,0.2475,0.2475,,,,0.2475,0.3646,,,,0.3646,0.4854,0.361,2026-08-11,2026-09-10,0.361,0.1782,,,,0.1782,0.1688,,,,0.1688,0.1393,,,,0.1393
jarred-gravy,Jarred / Canned Gravy,oz,0.1543,,,,0.1543,,,,,,,,,,,0.1187,0.1053,2026-09-02,2026-10-02,0.1053,0.2658,,,,0.2658,0.0912,,,,0.0912,0.1124,,,,0.1124
pizza-sauce,Pizza Sauce,oz,0.1193,,,,0.1193,0.0779,,,,0.0779,0.0993,,,,0.0993,0.0993,0.0893,2026-08-11,2026-09-10,0.0893,0.0993,,,,0.0993,0.3995,,,,0.3995,0.0653,,,,0.0653
taco-sauce,Taco Sauce,oz,0.1681,0.1744,,,0.1681,,,,,,0.2244,,,,0.2244,0.2494,0.2175,2026-08-09,2026-09-08,0.2175,0.2492,0.2181,2026-07-15,2026-09-09,0.2181,0.1992,,,,0.1992,0.1112,,,,0.1112
frozen-waffles,Frozen Waffles,each,0.279,,,,0.279,0.215,,,,0.215,0.2079,,,,0.2079,0.298,0.277,2026-08-09,2026-09-08,0.277,0.1788,,,,0.1788,0.1524,,,,0.1524,0.1725,,,,0.1725
bread-crumbs,Bread Crumbs / Panko,oz,0.2978,,,,0.2978,0.1233,,,,0.1233,0.126,,,,0.126,0.166,0.1658,2026-08-11,2026-09-10,0.1658,0.1193,,,,0.1193,0.0743,,,,0.0743,0.0813,,,,0.0813
worcestershire,Worcestershire Sauce,floz,0.1,,,,0.1,,,,,,0.169,,,,0.169,0.1661,0.1544,2026-08-09,2026-09-08,0.1544,0.146,,,,0.146,0.2345,,,,0.2345,0.1,,,,0.1
pasta-sauce,Pasta Sauce (marinara),oz,0.0767,0.0822,2026-08-31,2026-09-27,0.0767,0.0704,,,,0.0704,0.0829,,,,0.0829,0.0912,0.0767,,,0.0767,0.0765,0.1716,2026-08-19,2026-10-05,0.0765,0.0591,,,,0.0591,0.0821,0.2988,2026-08-31,2026-09-30,0.0821
soy-sauce,Soy Sauce,floz,0.2124,,,,0.2124,0.11,,,,0.11,0.169,,,,0.169,0.249,0.199,2026-08-31,2026-09-30,0.199,0.1247,,,,0.1247,0.1153,,,,0.1153,0.112,,,,0.112
sloppy-joe-sauce,Sloppy Joe Sauce (Manwich style),oz,0.0793,0.066,,,0.066,,,,,,0.1056,,,,0.1056,0.1219,0.1019,2026-08-09,2026-09-08,0.1019,0.0994,,,,0.0994,0.0842,,,,0.0842,0.0925,,,,0.0925
ground-cumin,Ground Cumin,oz,0.705,,,,0.705,0.495,,,,0.495,1.145,,,,1.145,0.57,,,,0.57,1.1633,,,,1.1633,0.5612,,,,0.5612,0.548,,,,0.548
vegetable-oil,Vegetable / Canola Oil,floz,0.0666,,,,0.0666,0.074,,,,0.074,0.096,,,,0.096,0.0859,0.0741,,,0.0741,0.0804,,,,0.0804,0.0723,,,,0.0723,0.0683,,,,0.0683
baking-soda,Baking Soda,oz,0.0744,,,,0.0744,0.0556,,,,0.0556,0.078,,,,0.078,0.0744,0.0619,2026-08-11,2026-09-10,0.0619,0.0619,,,,0.0619,0.0411,,,,0.0411,0.0512,,,,0.0512
white-vinegar,White Vinegar (distilled),floz,0.039,,,,0.039,0.0296,,,,0.0296,0.0312,,,,0.0312,0.039,0.0312,2026-08-31,2026-09-30,0.0312,0.0327,,,,0.0327,0.0234,,,,0.0234,0.0308,,,,0.0308
olive-oil,Olive Oil,floz,0.4406,,,,0.4406,0.2808,,,,0.2808,0.3991,,,,0.3991,0.3105,0.2956,,,0.2956,0.3742,0.341,2026-07-13,2026-09-14,0.341,0.1879,,,,0.1879,0.2784,0.354,2026-08-31,2026-09-30,0.2784
chili-beans,Chili Beans (in sauce),oz,0.0639,,,,0.0639,0.0548,,,,0.0548,0.0639,,,,0.0639,0.0865,0.0639,2026-08-11,2026-09-10,0.0639,0.0645,,,,0.0645,0.0883,,,,0.0883,0.0594,,,,0.0594
beef-broth,Beef Broth / Stock,floz,0.0622,,,,0.0622,0.0391,,,,0.0391,0.0528,,,,0.0528,0.0838,0.0575,2026-08-23,2026-09-22,0.0575,0.0497,0.1759,2026-08-12,2026-09-30,0.0497,0.0623,,,,0.0623,0.0469,,,,0.0469
cornstarch,Cornstarch,oz,0.1556,,,,0.1556,0.1181,,,,0.1181,0.1681,,,,0.1681,0.1556,0.1244,2026-08-09,2026-09-08,0.1244,0.1411,,,,0.1411,0.1869,,,,0.1869,0.1231,,,,0.1231
baking-powder,Baking Powder,oz,0.299,,,,0.299,0.2407,,,,0.2407,0.3691,,,,0.3691,0.3691,0.3074,2026-08-11,2026-09-10,0.3074,0.3074,,,,0.3074,0.1768,,,,0.1768,0.2259,,,,0.2259
coconut-oil,Coconut Oil,oz,0.6421,,,,0.6421,0.3707,,,,0.3707,0.3207,,,,0.3207,0.5993,0.5327,2026-08-11,2026-09-10,0.5327,0.3263,,,,0.3263,0.1952,,,,0.1952,0.2434,0.432,2026-08-31,2026-09-30,0.2434
lime-juice,Lime Juice (bottled),floz,0.186,,,,0.186,0.0684,,,,0.0684,0.2193,,,,0.2193,0.2193,0.1993,2026-08-09,2026-09-08,0.1993,0.1193,,,,0.1193,0.1013,,,,0.1013,0.0913,,,,0.0913
orange-juice,Orange Juice,floz,0.0702,,,,0.0702,0.0585,,,,0.0585,0.0702,,,,0.0702,0.078,0.0467,2026-08-31,2026-09-30,0.0467,0.0687,,,,0.0687,0.0667,,,,0.0667,0.0667,,,,0.0667
energy-drinks,Energy Drinks,floz,0.1744,,,,0.1744,0.0931,,,,0.0931,0.1353,,,,0.1353,0.1354,0.1029,2026-09-06,2026-10-06,0.1029,0.1248,0.104,2026-07-15,2026-09-09,0.104,0.0822,,,,0.0822,0.0935,0.105,2026-08-31,2026-09-30,0.0935
apple-cider-vinegar,Apple Cider Vinegar,floz,,,,,,0.1403,,,,0.1403,0.0889,,,,0.0889,0.0872,,,,0.0872,0.0546,0.2369,2026-08-17,2026-10-19,0.0546,0.1327,,,,0.1327,0.0756,,,,0.0756
baby-wipes,Baby Wipes,each,0.0554,,,,0.0554,0.0273,,,,0.0273,0.0312,,,,0.0312,0.0411,0.0339,2026-08-21,2026-09-20,0.0339,0.0318,,,,0.0318,0.02,,,,0.02,0.0139,,,,0.0139
avocado-oil,Avocado Oil,floz,,,,,,0.4582,,,,0.4582,0.6675,,,,0.6675,0.7033,,,,0.7033,0.4436,0.6589,2026-08-19,2026-09-21,0.4436,0.3965,,,,0.3965,0.4112,,,,0.4112
cranberry-juice,Cranberry Juice,floz,0.0389,,,,0.0389,0.0405,,,,0.0405,0.053,,,,0.053,0.0514,0.0466,2026-08-11,2026-09-10,0.0466,0.0467,0.0469,2026-08-19,2026-09-09,0.0467,0.0431,,,,0.0431,0.0464,,,,0.0464
apple-juice,Apple Juice,floz,0.07,,,,0.07,0.0467,,,,0.0467,0.0416,,,,0.0416,0.0489,0.0447,2026-08-30,2026-09-29,0.0447,0.0358,0.0547,2026-07-16,2026-09-09,0.0358,0.0428,,,,0.0428,0.0338,0.0552,2026-08-26,2026-09-25,0.0338
batteries,Batteries (AA),each,0.9975,0.7475,,,0.7475,0.3688,,,,0.3688,0.6345,,,,0.6345,0.4579,0.4154,2026-08-25,2026-09-24,0.4154,0.4719,1.2488,2026-08-17,2026-09-16,0.4719,0.28,,,,0.28,0.4712,,,,0.4712
stain-remover,Laundry Stain Remover,floz,0.1153,,,,0.1153,0.1541,,,,0.1541,0.1432,,,,0.1432,0.1165,0.1165,2026-08-09,2026-09-08,0.1165,0.1065,0.1586,2026-08-19,2026-11-16,0.1065,0.1169,,,,0.1169,0.0862,,,,0.0862
all-purpose-cleaner,All-Purpose Cleaner,floz,0.1559,,,,0.1559,0.0841,,,,0.0841,0.1247,,,,0.1247,0.078,0.0702,2026-08-11,2026-09-10,0.0702,0.0491,,,,0.0491,0.0523,,,,0.0523,0.0331,0.12,2026-08-31,2026-09-30,0.0331
toilet-bowl-cleaner,Toilet Bowl Cleaner,floz,0.1538,,,,0.1538,0.0746,,,,0.0746,0.1028,,,,0.1028,0.1456,0.1035,2026-08-11,2026-09-10,0.1035,0.0935,,,,0.0935,0.0867,,,,0.0867,0.0725,0.16,2026-08-31,2026-09-30,0.0725
disinfecting-wipes,Disinfecting Wipes,each,0.114,,,,0.114,0.0393,,,,0.0393,0.0932,,,,0.0932,0.114,0.0849,2026-08-11,2026-09-10,0.0849,0.0559,0.0467,2026-08-19,2026-11-11,0.0467,0.0352,,,,0.0352,0.0397,0.0359,2026-08-31,2026-09-30,0.0359
paprika,Paprika,oz,0.4545,,,,0.4545,0.467,,,,0.467,0.8443,,,,0.8443,0.6244,0.4994,,,0.4994,0.625,,,,0.625,0.4689,,,,0.4689,0.432,,,,0.432
bay-leaves,Bay Leaves,oz,55.5,,,,55.5,,,,,,31.9333,,,,31.9333,14.6471,9.8824,2026-08-11,2026-09-10,9.8824,7.9733,,,,7.9733,4.27,,,,4.27,18,3.26,2026-08-31,2026-09-30,3.26
bleach,Bleach,floz,0.0341,,,,0.0341,0.0483,,,,0.0483,0.074,,,,0.074,0.039,0.0312,2026-08-11,2026-09-10,0.0312,0.0311,,,,0.0311,0.0523,,,,0.0523,0.0514,,,,0.0514
cayenne-pepper,Cayenne Pepper (ground),oz,0.4167,,,,0.4167,,,,,,1.8663,,,,1.8663,1.4229,0.96,2026-08-11,2026-09-10,0.96,1.18,,,,1.18,0.4738,,,,0.4738,0.7131,,,,0.7131
shower-cleaner,Shower / Bathroom Cleaner,floz,0.0998,,,,0.0998,0.0841,,,,0.0841,0.1872,,,,0.1872,0.1244,0.0919,2026-08-09,2026-09-08,0.0919,0.1184,,,,0.1184,0.0832,,,,0.0832,0.0619,0.12,2026-08-31,2026-09-30,0.0619
italian-seasoning,Italian Seasoning,oz,0.698,,,,0.698,1.32,,,,1.32,1.352,,,,1.352,1.3317,,,,1.3317,2.0833,6.8,2026-08-19,2026-09-30,2.0833,1.1467,,,,1.1467,1.06,,,,1.06
mini-sweet-peppers,Mini Sweet Peppers,oz,0.3119,,,,0.3119,0.1994,,,,0.1994,,,,,,0.3119,0.2494,2026-08-11,2026-09-10,0.2494,0.1875,,,,0.1875,0.2146,,,,0.2146,0.4325,,,,0.4325
hand-soap,Hand Soap (liquid),floz,0.1198,,,,0.1198,0.0558,,,,0.0558,0.0998,,,,0.0998,0.5987,,,,0.5987,0.0658,,,,0.0658,0.1497,,,,0.1497,0.055,0.2245,2026-08-31,2026-09-30,0.055
medjool-dates,Medjool Dates,oz,0.6658,,,,0.6658,,,,,,0.4992,,,,0.4992,0.5825,,,,0.5825,0.4059,,,,0.4059,0.3109,,,,0.3109,0.5838,,,,0.5838
chuck-roast,Chuck Roast,lb,8.99,9.99,2026-08-31,2026-09-06,8.99,6.99,,,,6.99,10.99,,,,10.99,7.88,,,,7.88,10.99,,,,10.99,6.64,,,,6.64,7.9689,,,,7.9689
ground-cinnamon,Ground Cinnamon,oz,0.5,,,,0.5,0.4177,,,,0.4177,0.676,,,,0.676,0.9684,,,,0.9684,0.6443,2.392,2026-08-19,2026-09-30,0.6443,0.4433,,,,0.4433,0.508,,,,0.508
dog-treats,Dog Treats,oz,0.7821,,,,0.7821,0.499,,,,0.499,0.1965,,,,0.1965,0.3756,0.2778,2026-08-11,2026-09-10,0.2778,0.1121,,,,0.1121,0.0582,,,,0.0582,0.0936,0.1658,2026-08-31,2026-09-30,0.0936
ground-beef-93-7,93/7 Lean Ground Beef,lb,8.99,,,,8.99,7.39,,,,7.39,9.29,,,,9.29,7.49,,,,7.49,,,,,,6.17,,,,6.17,7.49,6.9925,2026-08-31,2026-09-30,6.9925
cocoa-powder,Cocoa Powder (baking),oz,0.6862,,,,0.6862,,,,,,,,,,,0.8738,0.685,2026-08-09,2026-09-08,0.685,0.8488,,,,0.8488,0.499,,,,0.499,0.5913,,,,0.5913
pears,Pears,lb,1.99,,,,1.99,1.4967,,,,1.4967,,,,,,1.99,,,,1.99,2.645,,,,2.645,1.64,,,,1.64,2.4779,,,,2.4779
yeast,Yeast (baking),oz,1.37,,,,1.37,1.4533,,,,1.4533,1.4975,,,,1.4975,1.7975,1.4975,2026-08-09,2026-09-08,1.4975,1.4975,,,,1.4975,0.215,,,,0.215,1.2425,,,,1.2425
chocolate-chips,Chocolate Chips,oz,0.3325,0.3158,2026-08-31,2026-09-06,0.3158,0.3042,,,,0.3042,0.3329,,,,0.3329,0.3329,0.2783,2026-08-09,2026-09-08,0.2783,0.3325,0.4158,2026-08-19,2026-09-09,0.3325,0.2219,,,,0.2219,0.2606,0.5317,2026-08-31,2026-09-30,0.2606
canned-pinto-beans,Canned Pinto Beans,oz,0.066,,,,0.066,0.0548,,,,0.0548,0.0639,,,,0.0639,0.0865,0.0639,2026-08-09,2026-09-08,0.0639,0.0627,,,,0.0627,0.0681,,,,0.0681,0.0594,,,,0.0594
chickpeas,Chickpeas / Garbanzo Beans (canned),oz,0.066,,,,0.066,0.0548,,,,0.0548,0.0639,,,,0.0639,0.1056,,,,0.1056,0.0645,,,,0.0645,0.0665,,,,0.0665,0.0594,,,,0.0594
canned-yams,Canned Yams / Sweet Potatoes,oz,0.1248,,,,0.1248,,,,,,0.1248,,,,0.1248,0.1248,,,,0.1248,0.0998,,,,0.0998,0.0748,,,,0.0748,0.0779,,,,0.0779
canned-black-beans,Canned Black Beans,oz,0.066,,,,0.066,0.0567,,,,0.0567,0.0649,,,,0.0649,0.0879,0.0649,2026-08-23,2026-09-22,0.0649,0.0638,,,,0.0638,0.0738,,,,0.0738,0.0613,,,,0.0613
vanilla-extract,Vanilla Extract,floz,2.985,,,,2.985,1.745,,,,1.745,3.495,,,,3.495,4.2475,3.2475,2026-08-11,2026-09-10,3.2475,1.4994,3.7475,2026-08-03,2026-10-26,1.4994,1.31,,,,1.31,2.44,3.99,2026-08-31,2026-09-30,2.44
canned-pasta,Canned Pasta (Ravioli / SpaghettiOs),oz,0.0887,,,,0.0887,,,,,,0.1082,,,,0.1082,,,,,,0.1,,,,0.1,0.0652,,,,0.0652,0.079,,,,0.079
pepperoni,Pepperoni (sliced),oz,0.4983,,,,0.4983,0.3988,,,,0.3988,0.4992,,,,0.4992,0.5948,,,,0.5948,0.4869,1.158,2026-08-03,2026-09-28,0.4869,0.2638,,,,0.2638,0.4405,0.5625,2026-08-31,2026-09-30,0.4405
diced-tomatoes,Canned Diced Tomatoes,oz,0.0711,,,,0.0711,0.0614,,,,0.0614,0.0683,,,,0.0683,0.0786,0.0711,2026-09-02,2026-10-02,0.0711,0.0675,,,,0.0675,0.0574,,,,0.0574,0.0529,,,,0.0529
corned-beef-hash,Corned Beef Hash (canned),oz,0.2796,,,,0.2796,0.2064,,,,0.2064,0.2193,,,,0.2193,0.3207,,,,0.3207,0.3207,,,,0.3207,0.1986,,,,0.1986,0.198,,,,0.198
asparagus,Asparagus,lb,5.99,,,,5.99,2.95,,,,2.95,6.99,,,,6.99,4.99,,,,4.99,3.69,,,,3.69,4.675,,,,4.675,6.352,,,,6.352
cherry-tomatoes,Cherry / Grape Tomatoes,oz,0.469,,,,0.469,0.199,,,,0.199,0.399,,,,0.399,0.3329,,,,0.3329,0.2083,0.1779,2026-07-27,2026-09-21,0.1779,0.1772,,,,0.1772,0.227,,,,0.227
lettuce,Lettuce (head),each,1.97,,,,1.97,1.89,,,,1.89,0.9975,,,,0.9975,3.49,2.99,,,2.99,1.495,,,,1.495,0.7783,,,,0.7783,1.135,,,,1.135
brussels-sprouts,Brussels Sprouts,lb,1.8533,3.49,,,1.8533,2.99,,,,2.99,3.99,,,,3.99,3.0743,2.2629,2026-08-11,2026-09-10,2.2629,3.99,,,,3.99,2.46,,,,2.46,3.02,,,,3.02
canned-salmon,Canned Salmon,oz,0.494,,,,0.494,0.2298,,,,0.2298,0.4061,,,,0.4061,0.4739,0.3383,2026-08-09,2026-09-08,0.3383,0.3044,0.458,2026-08-17,2026-09-14,0.3044,0.2176,,,,0.2176,0.2556,,,,0.2556
mexican-chorizo-fresh,Mexican Chorizo (Fresh),lb,,,,,,,,,,,,,,,,,,,,,3.5467,2.6667,2026-09-02,2026-09-08,2.6667,,,,,,2,,,,2
facial-tissues,Facial Tissues,each,,,,,,0.0087,,,,0.0087,0.0124,,,,0.0124,0.0218,0.0186,2026-08-11,2026-09-10,0.0186,0.0124,0.0232,2026-09-02,2026-09-08,0.0124,0.01,,,,0.01,0.0069,0.0103,2026-08-31,2026-09-30,0.0069
refried-beans,Refried Beans,oz,0.0625,,,,0.0625,0.0619,,,,0.0619,0.0835,,,,0.0835,0.0931,0.0619,2026-08-31,2026-09-30,0.0619,0.0744,0.1068,2026-09-02,2026-10-28,0.0744,0.0821,,,,0.0821,0.0675,0.1013,2026-08-31,2026-09-30,0.0675
tortillas,Tortillas (flour),each,0.199,,,,0.199,0.2312,,,,0.2312,0.199,,,,0.199,0.279,,,,0.279,0.1681,0.2136,2026-09-02,2026-09-08,0.1681,0.123,,,,0.123,0.106,,,,0.106
ranch-dressing,Ranch Dressing,floz,0.1386,,,,0.1386,0.1175,,,,0.1175,0.1538,,,,0.1538,0.18,0.155,2026-08-31,2026-09-30,0.155,0.1108,0.1244,2026-09-02,2026-09-09,0.1108,0.08,,,,0.08,0.1103,,,,0.1103
mayonnaise,Mayonnaise,oz,0.1327,,,,0.1327,0.0963,,,,0.0963,0.133,,,,0.133,0.1397,0.1263,,,0.1263,0.133,0.1263,2026-08-19,2026-09-16,0.1263,0.0936,,,,0.0936,0.099,0.149,2026-08-31,2026-09-30,0.099
frozen-meatballs,Frozen Meatballs,oz,0.4575,,,,0.4575,0.2184,,,,0.2184,0.3035,,,,0.3035,0.285,,,,0.285,0.2186,0.2854,2026-07-15,2026-09-09,0.2186,0.1996,,,,0.1996,0.234,,,,0.234
shredded-cheese,Shredded / Block Cheese,oz,0.2462,0.2494,2026-08-31,2026-09-06,0.2462,0.2056,,,,0.2056,0.2466,,,,0.2466,0.2488,0.1856,2026-08-31,2026-09-30,0.1856,0.2278,0.3125,2026-09-02,2026-09-08,0.2278,0.1521,,,,0.1521,0.2155,0.3338,2026-08-31,2026-09-30,0.2155
canned-corn,Canned Corn,oz,0.0498,,,,0.0498,0.0511,,,,0.0511,0.0649,,,,0.0649,0.0505,0.0446,2026-09-02,2026-10-02,0.0446,0.0544,,,,0.0544,0.0592,,,,0.0592,0.04,,,,0.04
canned-pears,Canned Pears,oz,0.0959,,,,0.0959,0.1043,,,,0.1043,,,,,,0.1307,0.096,2026-09-02,2026-10-02,0.096,0.126,,,,0.126,0.1248,,,,0.1248,0.0959,,,,0.0959
canned-peaches,Canned Peaches,oz,0.1128,,,,0.1128,0.1016,,,,0.1016,0.1327,,,,0.1327,0.1873,0.1558,2026-08-30,2026-09-29,0.1558,0.1134,,,,0.1134,0.1291,,,,0.1291,0.0959,0.1856,2026-08-31,2026-09-30,0.0959
canned-tuna,Canned Tuna,oz,0.19,,,,0.19,0.19,,,,0.19,0.598,,,,0.598,0.2248,0.1748,2026-08-30,2026-09-29,0.1748,0.1908,0.338,2026-08-17,2026-10-12,0.1908,0.1663,,,,0.1663,0.192,0.2,2026-08-31,2026-09-30,0.192
canned-pineapple,Canned Pineapple,oz,0.081,,,,0.081,0.0825,,,,0.0825,,,,,,0.106,0.084,2026-08-30,2026-09-29,0.084,0.0995,,,,0.0995,0.1091,,,,0.1091,0.084,0.111,2026-08-31,2026-09-30,0.084
artichoke-hearts,Artichoke Hearts (canned/jarred),oz,0.2493,,,,0.2493,0.1992,,,,0.1992,0.285,,,,0.285,0.1779,,,,0.1779,0.2658,0.2313,2026-08-24,2026-11-16,0.2313,0.2346,,,,0.2346,0.1615,,,,0.1615
canned-peas,Canned Peas,oz,0.0507,,,,0.0507,0.054,,,,0.054,0.0793,,,,0.0793,0.0747,0.0453,2026-09-02,2026-10-02,0.0453,0.0553,,,,0.0553,0.0678,,,,0.0678,0.0547,,,,0.0547
canned-green-beans,Canned Green Beans,oz,0.0524,0.0607,2026-08-31,2026-09-06,0.0524,0.0513,,,,0.0513,0.0683,,,,0.0683,0.0531,0.0469,2026-09-02,2026-10-02,0.0469,0.0568,,,,0.0568,0.0622,,,,0.0622,0.0529,,,,0.0529
canned-mushrooms,Canned Mushrooms,oz,0.2908,,,,0.2908,0.3625,,,,0.3625,0.2231,,,,0.2231,0.2257,,,,0.2257,0.3738,,,,0.3738,0.2704,,,,0.2704,0.2262,,,,0.2262
tomato-paste,Tomato Paste,oz,0.1575,,,,0.1575,0.1433,,,,0.1433,0.1575,,,,0.1575,0.1408,,,,0.1408,0.1325,,,,0.1325,0.1108,,,,0.1108,0.1017,,,,0.1017
body-wash,Body Wash,floz,0.3106,,,,0.3106,0.1695,,,,0.1695,0.1325,,,,0.1325,0.2206,0.165,2026-08-11,2026-09-10,0.165,0.1828,0.2495,2026-08-10,2026-10-05,0.1828,0.1327,,,,0.1327,0.165,,,,0.165
croissants,Croissants,each,1.165,,,,1.165,0.465,,,,0.465,1.4975,,,,1.4975,1.6633,,,,1.6633,0.7488,,,,0.7488,0.455,,,,0.455,0.4527,,,,0.4527
half-and-half,Half & Half,floz,0.1091,,,,0.1091,0.0747,,,,0.0747,0.0936,,,,0.0936,0.1047,,,,0.1047,0.078,,,,0.078,0.07,,,,0.07,0.0775,,,,0.0775
milk,Milk (gallon),gallon,3.06,,,,3.06,2.81,,,,2.81,3.49,,,,3.49,5.98,,,,5.98,3.19,,,,3.19,3.72,,,,3.72,2.76,,,,2.76
conditioner,Hair Conditioner,floz,0.4158,,,,0.4158,0.4775,,,,0.4775,0.3167,,,,0.3167,0.1107,0.0876,2026-08-09,2026-09-08,0.0876,0.0927,0.0889,2026-08-19,2026-11-11,0.0889,0.2089,,,,0.2089,0.075,,,,0.075
chicken-noodle-soup,Chicken Noodle Soup (canned),oz,0.0667,,,,0.0667,0.0909,,,,0.0909,0.1177,,,,0.1177,0.141,0.0933,2026-08-23,2026-09-22,0.0933,0.0752,,,,0.0752,0.0919,,,,0.0919,0.0705,0.1421,2026-08-31,2026-09-30,0.0705
microwave-popcorn,Microwave Popcorn,each,0.615,,,,0.615,,,,,,0.5633,,,,0.5633,,,,,,0.3883,0.43,2026-08-17,2026-09-14,0.3883,0.2633,,,,0.2633,0.2983,0.2475,2026-08-31,2026-09-30,0.2475
shampoo,Shampoo,floz,0.4158,,,,0.4158,0.4775,,,,0.4775,0.0993,,,,0.0993,0.1107,0.0876,2026-08-11,2026-09-10,0.0876,0.0927,0.0889,2026-08-19,2026-11-11,0.0889,0.1536,,,,0.1536,0.075,,,,0.075
heavy-cream,Heavy Whipping Cream,floz,0.2184,,,,0.2184,0.1434,,,,0.1434,0.2184,,,,0.2184,0.3216,0.2494,,,0.2494,0.1716,,,,0.1716,0.1162,,,,0.1162,0.1475,,,,0.1475
honey-mustard,Honey Mustard,oz,0.1612,0.1658,2026-08-31,2026-09-06,0.1612,0.1244,,,,0.1244,0.2288,,,,0.2288,0.2492,,,,0.2492,0.1575,,,,0.1575,0.117,,,,0.117,0.1433,,,,0.1433
italian-dressing,Italian Dressing,floz,0.1612,,,,0.1612,0.1219,,,,0.1219,0.1538,,,,0.1538,0.18,0.155,2026-08-20,2026-09-19,0.155,0.1108,0.1667,2026-07-03,2026-09-09,0.1108,0.1108,,,,0.1108,0.1103,,,,0.1103
cooked-jasmine-rice,Cooked Jasmine Rice,oz,,,,,,,,,,,,,,,,,,,,,,,,,,0.1957,,,,0.1957,0.1966,,,,0.1966
brown-lentils,Brown Lentils,lb,,,,,,3.184,,,,3.184,2.69,,,,2.69,2.29,1.99,2026-08-30,2026-09-29,1.99,1.99,,,,1.99,3.5947,,,,3.5947,1.92,,,,1.92
coleslaw-mix,Coleslaw Mix,oz,,,,,,0.135,,,,0.135,,,,,,,,,,,0.1636,,,,0.1636,0.0731,,,,0.0731,0.1275,,,,0.1275
spinach,Spinach (fresh),oz,0.299,,,,0.299,0.2233,,,,0.2233,0.499,,,,0.499,0.4362,,,,0.4362,0.249,,,,0.249,0.2975,,,,0.2975,0.2,,,,0.2
spring-mix,Spring Mix Salad Greens,oz,0.375,,,,0.375,0.1742,,,,0.1742,0.499,,,,0.499,0.599,0.544,2026-08-11,2026-09-10,0.544,0.3125,,,,0.3125,0.3275,,,,0.3275,0.3525,,,,0.3525
caesar-salad-kit,Caesar Salad Kit,oz,0.3973,0.3522,2026-08-31,2026-09-06,0.3522,0.2848,,,,0.2848,0.4467,,,,0.4467,0.399,0.299,2026-08-11,2026-09-10,0.299,0.3169,0.3219,2026-08-29,2026-10-07,0.3169,0.2331,,,,0.2331,0.2296,0.2027,2026-08-31,2026-09-30,0.2027
beef-stew,Canned Beef Stew,oz,0.1839,,,,0.1839,,,,,,,,,,,0.246,,,,0.246,0.1745,,,,0.1745,0.1538,,,,0.1538,0.165,,,,0.165
bouillon,Bouillon (cubes / granules / base),oz,0.6316,,,,0.6316,,,,,,1.1969,,,,1.1969,0.4165,,,,0.4165,0.3814,,,,0.3814,0.1477,,,,0.1477,0.1681,0.676,2026-08-31,2026-09-30,0.1681
tomato-soup,Tomato Soup (canned),oz,0.0651,,,,0.0651,0.1191,,,,0.1191,0.0842,,,,0.0842,0.1377,0.0912,2026-08-31,2026-09-30,0.0912,0.0727,,,,0.0727,0.1006,,,,0.1006,0.0688,0.1372,2026-08-31,2026-09-30,0.0688
chicken-broth,Chicken Broth / Stock,floz,0.0622,,,,0.0622,0.0391,,,,0.0391,0.0528,,,,0.0528,0.0838,0.0575,2026-08-23,2026-09-22,0.0575,0.0477,,,,0.0477,0.0416,,,,0.0416,0.045,0.1638,2026-08-31,2026-09-30,0.045
ramen,Ramen Noodles,each,0.3325,,,,0.3325,0.3292,,,,0.3292,0.3742,,,,0.3742,0.5,,,,0.5,0.5817,1.67,2026-07-15,2026-09-09,0.5817,0.2908,,,,0.2908,0.495,1.9425,2026-08-31,2026-09-30,0.495
tomato-sauce,Tomato Sauce (canned),oz,0.0793,,,,0.0793,0.0588,,,,0.0588,0.0686,,,,0.0686,0.0853,0.0793,2026-08-31,2026-09-30,0.0793,0.0617,,,,0.0617,0.0517,,,,0.0517,0.0559,,,,0.0559
crushed-tomatoes,Crushed Tomatoes (canned),oz,0.0711,,,,0.0711,0.0532,,,,0.0532,0.1068,,,,0.1068,0.0889,0.0711,2026-08-30,2026-09-29,0.0711,0.0667,,,,0.0667,0.0535,,,,0.0535,0.0543,,,,0.0543
garden-salad,Garden Salad Blend (bagged),oz,,,,,,,,,,,,,,,,0.2075,,,,0.2075,0.1662,,,,0.1662,0.0831,,,,0.0831,0.1404,0.1642,2026-08-31,2026-09-30,0.1404
tomatillos,Tomatillos (fresh),lb,4,,,,4,,,,,,2.49,,,,2.49,,,,,,,,,,,2.96,,,,2.96,2.86,,,,2.86
cajun-seasoning,Cajun / Creole Seasoning,oz,0.3738,,,,0.3738,0.4829,,,,0.4829,0.3738,,,,0.3738,0.3738,0.3113,2026-08-09,2026-09-08,0.3113,0.3222,0.9091,2026-07-22,2026-09-09,0.3222,0.1666,,,,0.1666,0.3088,,,,0.3088
corn-muffin-mix,Corn Muffin Mix,oz,0.072,,,,0.072,0.0847,,,,0.0847,0.0882,,,,0.0882,0.1518,0.0847,2026-08-11,2026-09-10,0.0847,0.0841,,,,0.0841,0.0705,,,,0.0705,0.0906,,,,0.0906
minced-garlic,Minced Garlic (jarred),oz,0.2809,,,,0.2809,0.3188,,,,0.3188,0.6988,,,,0.6988,0.2497,,,,0.2497,0.5253,,,,0.5253,0.1183,,,,0.1183,0.2178,,,,0.2178
cream-of-mushroom-soup,Cream of Mushroom Soup,oz,0.0667,,,,0.0667,0.0695,,,,0.0695,0.0881,,,,0.0881,0.141,0.0933,2026-08-11,2026-09-10,0.0933,0.0727,,,,0.0727,0.1069,,,,0.1069,0.0705,,,,0.0705
canned-chili,Canned Chili,oz,0.1587,,,,0.1587,0.1327,,,,0.1327,0.1793,,,,0.1793,0.1876,,,,0.1876,0.1527,,,,0.1527,0.0988,,,,0.0988,0.1133,0.1587,2026-08-31,2026-09-30,0.1133
lemon-pepper-seasoning,Lemon Pepper Seasoning,oz,,,,,,0.2829,,,,0.2829,1.0864,,,,1.0864,,,,,,0.9584,,,,0.9584,0.251,,,,0.251,0.2541,,,,0.2541
garlic-herb-seasoning,Garlic Herb Seasoning,oz,,,,,,,,,,,1.2327,,,,1.2327,,,,,,1.0259,0.9073,2026-07-15,2026-09-09,0.9073,0.4158,,,,0.4158,0.6879,,,,0.6879
black-pepper,Black Pepper (ground),oz,0.4167,,,,0.4167,1.15,,,,1.15,0.695,,,,0.695,0.6244,0.4994,2026-08-23,2026-09-22,0.4994,0.5556,,,,0.5556,0.4185,,,,0.4185,0.9878,,,,0.9878
sea-salt,Sea salt,oz,,,,,,0.6795,,,,0.6795,0.1681,,,,0.1681,,,,,,0.1342,,,,0.1342,0.1106,,,,0.1106,0.1335,,,,0.1335