"ticket","found_product","found_price","found_pack","availability","reachable","note"
"F53AF4332E","Sunset Brands Tomatoes On the Vine, 24 oz","1.9267","$2.89 / 1.5 lb (24 oz)","sold","yes","Mode confirmed In-Store (header reads ""In-Store - open 9am - 8pm"" + ""ALDI - OLA 42 - Omaha""; no Pickup/Delivery elements present, so this is the active mode not an open menu). Cheapest fresh tomato per lb. Fixed-weight package, NOT a by-weight estimate (product page carries no ""each (est.)"" and no ""$X / lb"" line). Runners-up: Beefsteak Tomatoes 1 lb $2.99 = $2.99/lb; Snacking Tomatoes on the Vine 1 lb $3.49; Gourmet Medley 12 oz $2.99 = $3.99/lb. No loose Roma or per-lb bulk tomato exists in this store's catalog (searched tomatoes / roma tomatoes / vine tomatoes). URL: https://www.aldi.us/store/aldi/products/16324902-sunset-tomatoes-on-the-vine-each"
"3602756963","Casa Mamita Beef and Bean Burritos, 8 count, 32 oz","0.4738","$3.79 / 8 count","sold","yes","In-Store mode. Count comes from the product NAME (""8 count""), which is the reliable surface; product-page ""size"" field reads 32 oz (= 4 oz per burrito, consistent). Exact tie with Casa Mamita Bean and Cheese Burritos 8 ct at $3.79. Burrito BOWLS ($2.99-$4.79) excluded as a different item. No single-serve frozen burrito sold. URL: https://www.aldi.us/store/aldi/products/26056127 (search slug: casa-mamita-beef-and-bean-burritos)"
"ED5E4E7589","Bake Shop Chocolate Iced Donuts, 15 oz","","$4.49 / 15 oz - no count published","sold","yes","In-Store mode. Donuts ARE sold but NO Aldi surface publishes a donut COUNT, so an ""each"" price cannot be derived without guessing. Checked the search tile, the rendered product page (""Bake Shop Chocolate Iced Donuts ~ 15 oz ~ $0.30/oz ~ Current price: $4.49"") and the raw product HTML: zero count/ct/pack tokens. Same class as the hamburger-bun no-count case. Full donut set seen: Chocolate Iced Donuts 15 oz $4.49; Chocolate Frosted Mini Donut 14 oz $3.39; Powdered Sugar Mini Donuts 14 oz $3.39; Iced Mini Donuts 8 oz $3.95; Assorted Donut Holes 14 oz $2.69 (holes, not donuts). URL: https://www.aldi.us/store/aldi/products/128145969-bake-shop-chocolate-iced-donuts-15-oz"
"E44A10C198","Friendly Farms Original Oatmilk, 64 fl oz","0.0545","$3.49 / 64 fl oz","sold","yes","In-Store mode. Only oat milk product in the catalog - searched both ""oat milk"" and ""oatmilk"", one hit each, same SKU. No flavored/unsweetened variant and no half-gallon alternative to compare against. URL: https://www.aldi.us/store/aldi/products/ (slug: friendly-farms-original-oatmilk-64-fl-oz)"
"5F277699A8","","","","not-sold","yes","In-Store mode. No prune / dried plum product exists in this store's catalog. Searched ""prunes"", ""dried plums"", ""pitted prunes"" and scanned the full 104-item ""dried fruit"" result set: the Southern Grove dried line carries apricots, raisins, pineapple, tropical medley, tangerine and pepitas but no prunes. Only plum hit is fresh ""Dayka & Hackett Plums, 2 lb"" $3.79, which is fresh fruit, not the commodity."
"02D6722D53","Burman's Real Mayonnaise, 30 fl oz","0.0963","$2.89 / 30 fl oz","sold","yes","In-Store mode. Burman's Light Mayonnaise is the same $2.89/30 fl oz. Burman's Whipped Dressing $2.89 excluded (Miracle-Whip class, not mayonnaise). Branded alternatives far higher: Duke's $4.98, Hellmann's $6.47. BASIS NOTE: Aldi labels this 30 FL OZ (volume); the ticket unit is oz, so this number is dollars per fl oz. If the board means avoirdupois oz the divisor should be the net weight, which Aldi does not publish."
"E7820D20EB","Burman's Yellow Mustard, 20 oz","0.0495","$0.99 / 20 oz","sold","yes","In-Store mode. Clear cheapest; the other Burman's mustards are Dijon / stone ground / spicy brown, all 12 oz at $1.49 = $0.1242/oz and none of them yellow mustard. No national-brand yellow mustard stocked. URL: https://www.aldi.us/store/aldi/products/ (slug: burman-s-yellow-mustard-20-oz)"
"03AAF32F05","Nature's Nectar 100% Grape Juice, 64 fl oz","0.0461","$2.95 / 64 fl oz","sold","yes","In-Store mode. Nature's Nectar 100% WHITE Grape Juice is the same $2.95/64 fl oz - exact tie, either qualifies. Excluded: Cranberry Grape Juice Cocktail $2.95 (blend, not grape juice) and Kool-Aid Grape Flavored Juice 10 x 6 fl oz $2.97 = $0.0495/fl oz (flavored drink, and more expensive anyway). No frozen grape concentrate in the catalog."
"00A055C3DE","Nature's Nectar Zero Sugar Cranberry Juice, 64 fl oz","0.0405","$2.59 / 64 fl oz","sold","yes","In-Store mode. CLOSE CALL, flagged: the cheapest thing named plain cranberry juice is the Zero Sugar (diet, non-nutritively sweetened) at $2.59. The 100% juice is Nature's Nectar 100% Cranberry Juice 64 fl oz $3.25 = $0.0508/fl oz. This store stocks NO plain sugar-sweetened ""cranberry juice cocktail"" - the only cocktails are blends (cranberry apple / raspberry / pomegranate / grape, all $2.95). If the board's commodity means 100%-juice, the comparable figure is 0.0508."
"043510F0CD","","","","not-sold","yes","In-Store mode. No fresh clementine or mandarin sold right now (early August = out of season). Searched ""clementines"", ""mandarin oranges"", ""tangerines"", ""halos mandarins"" and scanned the full 91-item ""citrus"" result set. Fresh citrus stocked is only navel oranges 3 lb $3.39, Cara Cara 3 lb $3.69, lemons and limes. All mandarin hits are CANNED or cups (Sweet Harvest Mandarin Oranges in Light Syrup 15 oz $1.49; Lunch Buddies 4-packs), which are not the fresh commodity, and Southern Grove Tangerine 6 oz $3.49 is dried fruit."
"AD60F99BF3","Clancy's Corn Chips, 9.25 oz","0.2043","$1.89 / 9.25 oz","sold","yes","In-Store mode. Fritos-class corn chip. Clancy's Original Corn Chip Dippers 9.25 oz and Mexican Style Street Corn Chip Dippers 9.25 oz are the same $1.89 (exact tie). TORTILLA chips deliberately excluded as a different commodity even though Clancy's Gluten Free Nacho Cheese Tortilla Chips 9.25 oz $1.79 is nominally cheaper. URL: https://www.aldi.us/store/aldi/products/ (slug: clancy-s-corn-chips-9-25-oz)"
"0316659340","Burman's Steak Sauce, 10 oz","0.1990","$1.99 / 10 oz","sold","yes","In-Store mode. Only steak sauce in the catalog - no national-brand A.1. stocked. BASIS NOTE: Aldi's size field reads ""10 oz"" with no ""fl"" anywhere in the product HTML, matching A.1.'s own 10 oz net-weight labeling, while the ticket unit is floz. I priced against the printed 10, so this is dollars per labeled oz; a true per-fl-oz figure would need the bottle volume, which is not published. URL: https://www.aldi.us/store/aldi/products/19915871-burman-s-steak-sauce-10-oz"
"28E505026A","Baker's Corner Light Brown Sugar, 32 oz","0.9250","$1.85 / 2 lb (32 oz)","sold","yes","In-Store mode. Only other brown sugar is Simply Nature Organic Light Brown Sugar Pouch 24 oz $3.09 = $2.06/lb. No dark brown sugar stocked online. URL: https://www.aldi.us/store/aldi/products/ (slug: baker-s-corner-light-brown-sugar-32-oz)"
"E3B5EDA8C5","Boulder Quart Slider Storage Bags, 40 ct","0.0648","$2.59 / 40 ct","sold","yes","In-Store mode. Basis = per bag. Cheapest QUART storage bag; Boulder Quart Slider FREEZER Bags are also $2.59 but only 35 ct = $0.0740 each (freezer, different item anyway). Gallon and sandwich sizes excluded as wrong size. This store stocks no plain zipper (non-slider) quart bag online, so 40 ct slider is the only quart storage option. URL: https://www.aldi.us/store/aldi/products/ (slug: boulder-quart-slider-storage-bags)"
"F35122ACDF","Cucumber, each","0.7500","$0.75 / 1 each","sold","yes","In-Store mode. Basis = per cucumber (single loose slicing cucumber, size field ""1 each"", flat price, NOT a by-weight estimate - the product page carries no ""each (est.)"" and no ""$X / lb"" line). Confirmed twice: search tile and the fresh-produce category page. Alternatives: Seedless (English) Cucumber $0.95 each; Mini Cucumbers 14 oz $1.69 (bag, not each). URL: https://www.aldi.us/store/aldi/products/3253345-cucumber-each"
"05B923EE1E","","","","not-sold","yes","In-Store mode. No dried oregano in this store's catalog. Searched ""oregano"", ""oregano leaves"", ""stonemill oregano"" and enumerated the full 66-item spice result set: the Stonemill line runs garlic powder, onion powder, paprika, minced onion, Italian seasoning, parsley flakes, cumin, chili powder, crushed red pepper, lemon pepper, cinnamon, cajun, black pepper, salts and grilling blends - no oregano SKU. Only fresh herbs are rosemary and thyme 0.5 oz $1.59 and cilantro/parsley bunches."
"B4C7861F05","Kroger(R) Nectarines 2 Pound Bag - 2 lb","2.9950","$5.99 / 2 lb","sold","yes","REGULAR price (no promo field). Kroger API locationId 61500319 = Baker's Saddlecreek, 888 S Saddle Creek Rd, Omaha NE. Cheapest per lb of the genuine nectarine SKUs. Loose Fresh Yellow/White Nectarine are $3.99/lb (soldBy=WEIGHT). Simple Truth Organic 2 lb bag ties at $5.99 but is organic. Organic Yellow Nectarine loose is $4.99/lb reg (a $2.99 promo was live and was NOT used). https://www.bakersplus.com/p/kroger-nectarines-2-pound-bag/0001111018177"
"2DF21A11AF","Kroger(R) 4% Milkfat Small Curd Cottage Cheese BIG DEAL! - 48 oz","0.1206","$5.79 / 48 oz","sold","yes","REGULAR price, no promo on this SKU. ""BIG DEAL!"" is Kroger's large-pack line name, not a temporary promo. Next best per oz: Kroger 24 oz $3.19 = $0.1329/oz (that one had a $2.50 promo which I did NOT use); Kroger 16 oz $2.59 = $0.1619/oz. Ricotta hits were excluded as not cottage cheese. https://www.bakersplus.com/p/kroger-4-milkfat-small-curd-cottage-cheese-big-deal-/0001111044217"
"86F3FA63A2","Kroger(R) Mini Sweet Peppers BIG DEAL! - 32 oz","0.1875","$6.00 / 32 oz","sold","yes","REGULAR price, no promo. Only 3 mini-sweet-pepper SKUs exist at this store: Kroger 32 oz $6.00 = $0.1875/oz (cheapest), Kroger 16 oz $3.99 = $0.2494/oz, Simple Truth Organic 16 oz $4.99 = $0.3119/oz. Private Selection Seedless Sweet Peppers 1 lb $4.99 excluded - not labeled mini. Jarred/pickled sweet peppers excluded. https://www.bakersplus.com/p/kroger-mini-sweet-peppers-big-deal-/0001111018182"
"2B92362166","Kroger(R) Whole Garlic Bulbs - 5 ct","0.4980","$2.49 / 5 ct bulbs","sold","yes","BASIS: each = one head/bulb of fresh garlic. REGULAR price, no promo. $2.49 for a 5-bulb bag = $0.498 per head, cheaper than loose single Garlic bulb (PLU 4608) at $0.89 each and Simple Truth Organic 3 ct $1.99 = $0.663 each. netWeight 0.47 lb / 5 bulbs = ~1.5 oz per head, consistent with a real garlic head. Jarred/minced/powdered garlic excluded as not fresh. https://www.bakersplus.com/p/kroger-whole-garlic-bulbs/0001111002824"
"6B90307BAD","Kroger(R) Original Medium Roast Ground Coffee - 29 oz","0.4997","$14.49 / 29 oz","sold","yes","REGULAR shelf price $14.49; a $13.99 promo was live on this SKU and was NOT used. Cheapest per oz across ground and whole-bean at this store. Comparables: Kroger Classic Blend 29 oz $14.49 same rate; Maxwell House 27.5 oz $15.49 = $0.5633/oz; Folgers 40.3 oz $23.99 = $0.5953/oz; Kroger 24 oz $14.49 = $0.6038/oz; Kroger 11 oz $6.99 = $0.6355/oz. No Smart Way ground coffee exists (only Smart Way Instant, excluded). K-Cup pods excluded. https://www.bakersplus.com/p/kroger-original-medium-roast-ground-coffee/0001111015000"
"DF293B6EE7","Kroger(R) Vegetable Beef Condensed Soup - 10.5 oz","0.1190","$1.25 / 10.5 oz","sold","yes","REGULAR price, no promo. Cheapest canned vegetable/vegetable beef soup at this store. Campbell's Condensed Vegetable Beef and Vegetarian Vegetable are both $1.99 / 10.5 oz = $0.1895/oz; Progresso/Campbell's Chunky vegetable soups run $2.99 / 18.5-19 oz = ~$0.1616/oz. Broths, stocks and Kroger Frozen Vegetable Soup Mix (a dry/frozen vegetable blend, not soup) were excluded per the commodity note. Priced on the can's as-sold net weight, not reconstituted volume. https://www.bakersplus.com/p/kroger-vegetable-beef-condensed-soup/0001111083710"
"535132E556","Our Family Protein Peanut Almond Dark Chocolate Chewy Bars 5 Ea","0.7980","$3.99 / 5 ea","sold","yes","Per-each basis: $3.99 box divided by 5 bars (Freshop servings_per_container=5, serving_size=1). Store private label; listed in dept protein_energy_meal_bars, Aisle 8. Next cheapest per bar was Kind Protein Bars Breakfast PB Banana Dark Chocolate 6 Ea $5.29 = $0.8817/bar. Single bars run $2.39-$3.69 each. https://www.shopfamilyfare.com/shop/health_beauty/adult_nutrition/protein_energy_meal_bars/our_family_protein_peanut_almond_dark_chocolate_chewy_bars_5_ea/p/7081195"
"27C1EC1E18","Our Family Seasoning Mix, Taco 1.25 Oz","0.7920","$0.99 / 1.25 oz","sold","yes","Cheapest true PACKET. Tied on shelf price with Taco Bell Original Taco 1 Oz $0.99 but that is $0.99/oz. Excluded taco dinner kits. NOTE: a non-packet 6 oz Our Family taco seasoning pouch exists at $3.49 = $0.5817/oz, cheaper per oz but not a packet, so not used. https://www.shopfamilyfare.com/shop/pantry/mixes_spices_seasoning/mixes_for_meats/our_family_seasoning_mix_taco_1_25_oz/p/6787111"
"B253C54413","Our Family Black Beans 15.25 Oz","0.0649","$0.99 / 15.25 oz","sold","yes","Store private label, Aisle 5 canned beans. Our Family No Salt Added Black 15.25 Oz is the same $0.99. Next cheapest was Full Circle Organic Spicy Black Beans 15 oz $1.59 = $0.1060/oz. Excluded the 1 lb DRY Our Family bag ($2.29) and refried/chili-sauce beans. https://www.shopfamilyfare.com/shop/pantry/canned_goods/beans/our_family_black_beans_15_25_oz/p/7081218"
"D993A3C519","Sugar 'N Spice Fennel Seed Whole 5.6 Oz","0.6232","$3.49 / 5.6 oz","sold","yes","Bulk-spice rack (Aisle 300 fresh_spices_herbs). Only 4 fennel SKUs carried; the 2 oz same-brand jar is $1.89 = $0.9450/oz and McCormick 0.85 oz is $4.29 = $5.0471/oz. Spice only, no fennel bulb in the results. https://www.shopfamilyfare.com/shop/fresh_fruits_vegetables/fresh_spices_herbs/sugar_n_spice_fennel_seed_whole/p/5920282"
"B7327CD7D8","Joseph's Low Fat Whole Wheat Pita Bread 4 Ea","0.9975","$3.99 / 4 ea","sold","yes","Per-each basis: $3.99 bag divided by 4 pitas (Freshop product_size 4 ea; nutrition 8 servings at 1/2 pita = 4 pitas). This is the ONLY pita bread SKU the store lists - a full q=pita sweep returned only pita chips, naan and pita pocket sandwiches otherwise. https://www.shopfamilyfare.com/shop/bakery/wraps_pitas_flatbreads/joseph_s_low_fat_whole_wheat_pita_bread_4_ea/p/521386"
"FAF111D7D4","Mennen Speed Stick Men's Deodorant, Regular 3 Oz","1.0633","$3.19 / 3 oz","sold","yes","Cheapest solid stick per oz with a stated ounce size, swept all 141 deodorant SKUs. Ties with Speed Stick Power Fresh 3 Oz, Power Sport 3 Oz and Ocean Surf 3 Oz, all $3.19. Excluded aerosols/dry sprays/body sprays and roll-ons per stick-only rule (e.g. Brut 6 oz $3.99 is aerosol). CAVEAT: twin packs Speed Stick Irish Spring 2 Ea $5.99 and Mennen Regular 2 Ea $5.99 could beat this if each stick is 3 oz ($0.9983/oz), but Freshop states no ounce size for them so I did not compute it. No Our Family/Full Circle deodorant is carried. https://www.shopfamilyfare.com/shop/health_beauty/grooming_hygiene/deodorant_personal_scents/mennen_speed_stick_men_s_deodorant_regular_3_oz/p/18155"
"6493413440","Alessi Tomatoes, Sun Dried, Julienne Cut 7 Oz","0.7557","$5.29 / 7 oz","sold","yes","Only 3 real sun-dried-tomato SKUs carried. Alessi Sun Dried in Extra Virgin Olive Oil 7 Oz is the same $5.29 (oil-packed, so I cited the dry julienne pack). California Sun Dry Julienne 3 Oz is $3.99 = $1.3300/oz. Excluded sun-dried-tomato dip, sausage and crackers. https://www.shopfamilyfare.com/shop/pantry/canned_goods/tomatoes/alessi_tomatoes_sun_dried_julienne_cut_7_oz/p/528394"
"B106317542","Sloppy Joe Sauce Our Family 15 Oz","0.0927","$1.39 / 15 oz","sold","yes","Store private label beats Manwich on every size: Manwich Original 15 Oz $1.69 = $0.1127/oz and Manwich 24 Oz $2.79 = $0.1163/oz. Excluded dry sloppy joe seasoning mixes. https://www.shopfamilyfare.com/shop/pantry/condiments_dressing/other_sauce/sloppy_joe_sauce_our_family/p/6787011"
"A11200BE90","Lender's Pre Sliced Plain Bagels 6 Ea","0.5983","$3.59 / 6 ea","sold","yes","Per-each basis: $3.59 for a 6-count 17.1 oz bag (nutrition confirms 6 servings of 1 bagel). Lender's onion and cinnamon-raisin are the same $3.59. Next cheapest Bubba's 6 Ea $4.29 = $0.7150 and Thomas' 6 Ea $4.99 = $0.8317. No in-store bakery bagel appears in the Freshop catalog, so a fresh-bakery single could be cheaper and unlisted. https://www.shopfamilyfare.com/shop/dairy/breads_rolls_bagels/lender_s_pre_sliced_plain_bagels_6_ea/p/296709"
"82AB38C4C7","Fresh Express Salad, Spring Mix 10 Oz","0.4990","$4.99 / 10 oz","sold","yes","Cheapest plain spring mix per oz. Full Circle Organic Spring Mix 10 Oz is $5.99 = $0.5990/oz; Revol Greens Spring Mix 4 Oz $3.49 = $0.8725/oz. Excluded Fresh Express Salad Spring Mix 1 Ea $3.99 - its nutrition panel (160 cal / 13 g fat per 2 cups) shows it is a DRESSED salad kit, not plain greens, and it carries no stated ounce size. https://www.shopfamilyfare.com/shop/fresh_fruits_vegetables/salad_mixes_kits/fresh_express_salad_spring_mix_10_oz/p/268916"
"53D1462274","Dole Garden Salad 12 oz","0.2075","$2.49 / 12 oz","sold","yes","Store confirmed 17070 Audrey Street, Omaha NE 68136 (Apollo cache). Plain bagged garden blend; cheapest of the plain bagged blends. Close calls EXCLUDED: Dole Classic Coleslaw 14 oz $2.49 (0.1779/oz, coleslaw not garden), Fareway Spring Salad Deli Style 1 lb $2.99 (0.1869/oz, deli prepared salad not bagged), Dole Greener Selection 11 oz $2.77 (0.2518/oz), Dole American Blend 12 oz $3.99, all Dole/Taylor Farms kits (dressing included). /store/fareway-meat-grocery/products/17915540-dole-garden-salad-12-oz"
"643EA3C603","Shultz Mini Pretzel Twists 16 oz","0.1556","$2.49 / 16 oz","sold","yes","Plain hard pretzels. Close call EXCLUDED: Fareway Peanut Butter Filled Pretzels 44 oz $8.99 (0.2043/oz) is a filled snack, and it is dearer anyway. Next plain: ROLD GOLD Tiny Twists 16 oz $3.99 (0.2494/oz). /store/fareway-meat-grocery/products/20207086-shultz-mini-pretzel-twists-16-oz"
"BE91E86E5F","Corner Store Bread, Original, White 20 oz","1.6900","$1.69 / 1 loaf","sold","yes","Standard 20 oz sliced white sandwich loaf, full loaf (not a half loaf). Next: Fareway Split Top Sandwich Bread 20 oz $1.97. Village Hearth/Sara Lee $1.99-$2.37 entries are 12 oz HALF loaves and were not treated as a standard loaf. /store/fareway-meat-grocery/products/70454139-corner-store-bread-original-white-20-oz"
"81AAB21B83","Tomatillo (fresh, sold by weight)","2.4900","$2.49 / lb","sold","yes","Produce dept. Tile reads 'Current price: $0.31 each (estimated)' with shelf basis '$2.49 / lb' and 'About 0.13 lb each' - the per-lb shelf price is the one recorded. Only fresh tomatillo item carried. /store/fareway-meat-grocery/products/16382470-tomatillo-1-lb"
"E88CAD1131","Raspberries 12 oz","0.5733","$6.88 / 12 oz","sold","yes","FRESH (Produce dept), on sale from $7.99. Cheaper per oz than the fresh 6 oz at $3.88 (0.6467/oz). FROZEN alternatives are cheaper per oz if the commodity admits frozen: Fareway Raspberries 12 oz $4.49 (0.3742/oz, Aisle 19) and Columbia Fruit Raspberries 40 oz $11.99 (0.2998/oz, Aisle 19). Recorded fresh because the sibling rows name fresh produce; flagging the ambiguity. /store/fareway-meat-grocery/products/72391-raspberries-12-oz"
"CCCB72B591","Rhubarb (fresh, sold by weight)","3.9900","$3.99 / lb","sold","yes","Produce dept. Tile reads 'Current price: $0.44 each (estimated)', shelf basis '$3.99 / lb', 'About 0.11 lb each'. Only fresh rhubarb item carried; all other rhubarb hits are pies/cider/ice cream. /store/fareway-meat-grocery/products/345497-rhubarb-1-lb"
"24EE40431A","Fareway Sweet Peas 15 oz","0.0520","$0.78 / 15 oz","sold","yes","Canned (Aisle 1), on sale from $1.12. An identical unbranded tile 'Sweet Peas' 15 oz is also $0.78 (same item, Aisle 1). Priced on the can's stated net weight, not drained weight. Next: Green Giant Sweet Peas 15 oz $1.48. /store/fareway-meat-grocery/products/20576568-fareway-sweet-peas-15-oz"
"BAFB8A1769","Bright Essentials Parchment Paper 1 each","2.9900","$2.99 / 1 roll","sold","yes","BASIS = per ROLL. Aisle 14, on sale from $3.99. Same price as Bright Essentials Pop-Up Pre-Cut Parchment Sheets 25 ct $2.99 (per box). Reynolds Parchment Paper 45 sq ft roll is $3.99. /store/fareway-meat-grocery/products/41458026-bright-essentials-parchment-paper-1-each"
"87CBBE539D","SKIPPY Creamy Peanut Butter 16.3 oz","0.1190","$1.94 / 16.3 oz","sold","yes","Aisle 2, deep sale from $3.49 (44% off); all SKIPPY 16.3 oz variants at $1.94. Fareway store-brand 64 oz is $8.99 (0.1405/oz), so the sale jar is genuinely cheapest per oz. Tile is a grouped '3 sizes' listing (16.3/28/40 oz); only the 16.3 oz price is shown on the grid, so larger-size per-oz was not read. /store/fareway-meat-grocery/products/285601-skippy-creamy-peanut-butter-16-3-oz"
"229CA0DA09","Totino's Party Pizza Pepperoni Thin Crust Frozen Pizza 10.2 oz","1.7900","$1.79 / 1 pizza","sold","yes","Cheapest frozen pizza on the site; all eight Totino's Party/Ultimate varieties are $1.79 each. No frozen pizza item priced under $1.79. Next: Jack's Thin Crust Pepperoni 15.4 oz $3.33. /store/fareway-meat-grocery/products/42556-totino-s-pepperoni-party-pizza-frozen-pizza-10-200-oz"
"BF3396F5F7","Blackberries 6 oz","0.6467","$3.88 / 6 oz","sold","yes","FRESH (Produce dept), on sale from $4.99. Only fresh blackberry item carried - no 12 oz fresh clamshell and no plain frozen blackberry listing found on the site (all other blackberry hits are jams, preserves or whiskey). /store/fareway-meat-grocery/products/17327025-blackberries-6-oz"
"A6887344DC","Fareway Wide Egg Noodles 12 oz","0.2325","$2.79 / 12 oz","sold","yes","Store brand; Wide, Extra Wide and Broad all $2.79 / 12 oz. Next: Creamette Egg Noodles 12 oz $2.99. Cheaper 'noodle' hits in the search (chicken noodle soup, ramen) are not egg noodles and were excluded. /store/fareway-meat-grocery/products/25446742-fareway-enriched-egg-noodle-product-wide-12-oz"
"C5B62FB908","Fareway Apple Cider Vinegar 128 fl oz","0.0507","$6.49 / 128 fl oz","sold","yes","Cheapest per fl oz. Close call EXCLUDED: 'Fareway Apple Cider FLAVORED Vinegar' 128 fl oz $4.99 (0.0390/floz) - a flavored distilled vinegar, sold as a separate SKU alongside the real ACV, so not the commodity. Fareway ACV also at 32 fl oz $2.79 (0.0872) and 16 fl oz $1.99 (0.1244). /store/fareway-meat-grocery/products/55441263-fareway-apple-cider-vinegar-128-fl-oz"
"58BBF9AD08","The Works Toilet Bowl Cleaner 1 qt (32 fl oz)","0.1059","$3.39 / 32 fl oz","sold","yes","REGULAR price (GraphQL storeProducts storeId 1465: price 3.39 = basePrice 3.39, onSale false). Cheapest liquid toilet bowl cleaner at Omaha #1. No Hy-Vee or That's Smart! own-brand toilet bowl cleaner exists in the catalog. Next cheapest is the 24 fl oz tier at $3.69 (Clorox / Lysol, 0.1538/floz). Excluded: tablets/discs/stamps (2000 Flushes, Scrubbing Bubbles gel stamps, Soft Scrub cubes) - sold by net weight oz, not a pourable floz cleaner - and all brushes/wands. https://www.hy-vee.com/aisles-online/p/22816"
"7EF91645E3","Suave Essentials Daily Clarifying Cleansing Shampoo 22.5 fl oz","0.0876","$1.97 / 22.5 fl oz","sold","yes","REGULAR price (price 1.97 = basePrice 1.97, onSale false). Two sibling SKUs tie exactly: Suave Ocean Breeze Refreshing Shampoo Family Size 22.5 fl oz $1.97 (id 4185468) and Suave Sun-Ripened Strawberry 22.5 fl oz $1.97 (id 4188655) - all verified regular. Next: Alberto VO5 15 fl oz $1.99 = 0.1327/floz. Excluded dry shampoos (sold by weight oz) and 2-in-1 shampoo+conditioner/body-wash combos. https://www.hy-vee.com/aisles-online/p/4185809"
"3A39978065","Hy-Vee Original Baked Beans 28 oz","0.0757","$2.12 / 28 oz","sold","yes","REGULAR price (2.12 = basePrice, onSale false). Four Hy-Vee 28 oz baked-bean variants all price at $2.12 (Original 58078, Country Style 58081, Homestyle 24691, Maple Cured Bacon 24692, Brown Sugar Hickory 4113327) so 0.0757/oz is the store-brand floor. CLOSE CALL: Hy-Vee Pork & Beans in Tomato Sauce 16 oz $0.89 = 0.0556/oz (id 58076) and Van Camp's Pork and Beans 15 oz $1.08 = 0.0720/oz are cheaper, but pork-and-beans in tomato sauce is a distinct product from baked beans, so I excluded them. No That's Smart! baked bean SKU. https://www.hy-vee.com/aisles-online/p/58078"
"D4FAEE4569","Asparagus (fresh, bulk, sold by the pound)","4.9900","$4.99 / lb","sold","yes","REGULAR price. GraphQL confirms isWeighted true / soldByUnitOfMeasure LB, price 4.99 = basePrice 4.99, onSale false, department Fresh/Produce/Fresh Vegetables. Search card renders '1 lbs ($4.99/lb)'. Only fresh asparagus SKU in the store; the alternatives are prepared (Parmesan Asparagus $7.99/lb) or frozen packs (Hy-Vee Cut Asparagus Spears 14.5 oz $4.99 = $5.51/lb), both excluded. https://www.hy-vee.com/aisles-online/p/37264"
"C30F21CB4D","Lysol Disinfectant Spray, Crisp Linen Scent, 12.5 oz aerosol","0.6152","$7.69 / 12.5 oz","sold","yes","REGULAR price (7.69 = basePrice, onSale false). UNIT-CLASS CLOSE CALL, read this: the ticket unit is 'oz' (net weight) while the sibling toilet-bowl-cleaner ticket in this same batch uses 'floz', so I read this row as the AEROSOL disinfectant spray class, which Hy-Vee sells by weight oz. All four Lysol aerosol scents price identically at $7.69/12.5 oz (ids 5271, 5283, 213525, 40891); there is no cheaper aerosol disinfectant and no Hy-Vee/That's Smart! own-brand. If the row instead means any trigger-spray liquid disinfectant, the cheaper answers are Clorox Disinfecting All Purpose Cleaner 32 fl oz $4.99 = 0.1559/oz (id 3294720, regular) and Windex Multi Surface Disinfectant Spray 23 fl oz $3.98 = 0.1730/oz (id 2144798, regular); Scrubbing Bubbles Disinfectant Bathroom Cleaner Foam 20 oz aerosol $5.69 = 0.2845/oz (id 2133573, regular) is an aerosol but is a bathroom cleaner, not a general disinfectant spray. https://www.hy-vee.com/aisles-online/p/5271"
"9E4EE82B63","That's Smart! Crushed Red Pepper 2 oz","0.6250","$1.25 / 2 oz","sold","yes","REGULAR price used per price-mode rule: GraphQL basePrice 1.25 / basePriceMultiple 1 = $1.25 each. The item is CURRENTLY ON SALE (onSale true, price 1.25 with priceMultiple 3; the search API tag price is $1.00) - the whole That's Smart! spice line is running a 3/$3 promo right now, so the shelf tag today reads $1.00 = 0.5000/oz. Board should carry 0.6250/oz if it publishes regular, 0.5000/oz if it followed the promo. Next cheapest genuine crushed red pepper: Hy-Vee Crushed Red Pepper 1.5 oz $2.99 = 1.9933/oz (regular) - a 3x gap, so the winner is not in doubt, only its price mode. https://www.hy-vee.com/aisles-online/p/3225646"
"6839BC38AE","Acorn Squash (fresh, bulk, sold by the pound)","1.4900","$1.49 / lb","sold","yes","REGULAR price. GraphQL confirms isWeighted true / soldByUnitOfMeasure LB, price 1.49 = basePrice 1.49, onSale false, department Fresh/Produce/Fresh Vegetables. Search card renders '1.3 lbs ($1.49/lb)' - $1.94 is the per-piece estimate, not the unit price. Same $1.49/lb applies to spaghetti and butternut squash. Only acorn squash SKU. https://www.hy-vee.com/aisles-online/p/37453"
"64AD477598","Woeber's Sandwich Pal Horseradish Sauce 16 oz","0.2494","$3.99 / 16 oz","sold","yes","REGULAR price (3.99 = basePrice, onSale false). Creamy/sandwich-style horseradish sauce. Runner-up Kraft Horseradish Sauce 12 fl oz $3.49 = 0.2908/oz (regular). WATCH OUT: Beaver Brand Deli Horseradish Sauce 12 oz shows $3.41 on the card (0.2842/oz) which would beat Woeber's, but that is a SALE - its basePrice is $5.99 = 0.4992/oz regular. Excluded plain prepared/grated horseradish (Silver Spring 8 oz $3.99, Hanfelder's 8 oz $3.99) and horseradish MUSTARD (Hy-Vee Deli Style Mustard with Horseradish 12 oz $2.49 = 0.2075/oz would have won on price but is a mustard, not a creamy horseradish sauce). https://www.hy-vee.com/aisles-online/p/23595"
"C75E652E97","Hy-Vee Fish Market Raw Shrimp 51-60 Count, Raw Shell-On, 16 oz","9.9900","$9.99 / 1 lb","sold","yes","REGULAR price (9.99 = basePrice, onSale false, department Frozen/Frozen Meat & Seafood/Frozen Seafood & Fish). Three-way tie at $9.99/lb regular: this one (28267), Fish Market Raw Shrimp 26-30 Count 16 oz (61423), and Paul Piazza Wild Caught Gulf Shrimp Peeled & Deveined 40-50 Count 16 oz (809910) - the Paul Piazza is peeled/deveined at the same price, so it is the better buy at an identical per-lb number. WATCH OUT: Hy-Vee Fish Market Raw Shrimp 41/50 Count 12 oz shows $5.99 (= $7.99/lb) but that is a SALE; its regular basePrice is $7.99/12 oz = $10.65/lb. E-Z Peel White 8-12 Ct 16 oz also shows a $9.99 sale against a $12.99 regular. Excluded cooked, breaded and platter shrimp. https://www.hy-vee.com/aisles-online/p/28267"
"E9DD97B6F3","Chef Boyardee Beef Ravioli 15 oz., 12 pk.","0.0708","$12.74 / (12 x 15 oz = 180 oz)","sold","yes","Club/pickup price $12.74 confirmed on PDP (pickup available, Omaha Sam's Club 68137). No instant savings. Only other canned pasta in club: Chef Boyardee Spaghetti & Meatballs 14.5 oz 8 pk $8.98/116 oz = $0.0774/oz. SpaghettiOs not carried. https://www.samsclub.com/ip/6414486882"
"66C7E06E7E","Shout Advanced Action Gel Laundry Stain Remover, 22 oz. Trigger & 60 oz. refill","0.1401","$11.49 / (22 + 60 = 82 fl oz)","sold","yes","Club price, pickup available, no promo. Cheaper on paper is Clorox 2 For Colors Stain Remover 112.75 fl oz $13.18 = $0.1169/floz BUT that item is SHIPPING-ONLY at Omaha (pickup Not available), so it is not an in-club price. OxiClean Odor Blasters is a powder ($1.63/lb) and has no floz basis. https://www.samsclub.com/ip/18338800077"
"9E46708FB8","Alani Nu Energy Drink Variety Pack, 12 fl. oz., 18 pk.","0.0768","$16.58 / (18 x 12 fl oz = 216 fl oz)","sold","yes","CLUB price with INSTANT SAVINGS: now $16.58, was $22.58, $6 off, limit 10, ends Aug 16. At the regular $22.58 the per-floz is 0.1045 and V8 Energy Zero Sugar 8 fl oz 24 pk $14.98/192 floz = $0.0780 would be the cheaper in-club option (V8 pickup shows out of stock). NOS 16 oz 24 pk $34.98/384 = $0.0911, pickup available. https://www.samsclub.com/ip/19707820853"
"5DEBBD3B58","Natural Delights Organic Whole Medjool Dates, 2 lbs.","0.3109","$9.95 / (2 lbs = 32 oz)","sold","yes","Club price, pickup available, shipping not offered. Only medjool date SKU in the Omaha catalog; no conventional (non-organic) version carried. Sam's own unit price reads $4.97/lb. https://www.samsclub.com/ip/13622255422"
"A9682C4790","Campbell's Cream of Mushroom Soup 10.5 oz., 8 pk.","0.1069","$8.98 / (8 x 10.5 oz = 84 oz)","sold","yes","Club price, pickup available, no promo. Only cream-of-mushroom SKU carried; Campbell's Cream of Chicken 8 pk is the same $8.98. No Member's Mark equivalent. https://www.samsclub.com/ip/13614204557"
"30E86A5915","Jack Link's Original Beef Jerky, 16 oz.","1.0550","$16.88 / 16 oz","sold","yes","CLUB price with INSTANT SAVINGS: now $16.88, was $18.88, $2 off, limit 5, ends Sep 06. At regular $18.88 = $1.1800/oz, still the cheapest IN-CLUB jerky (Jack Link's Teriyaki 16 oz same price; Member's Mark Organic 12 oz $14.98 = $1.2483/oz). Old Trapper 18 oz $19.98 = $1.1100/oz is cheaper but is SHIPPING-ONLY at Omaha. Beef/meat STICKS run cheaper ($0.81-0.92/oz) but are a different product class. https://www.samsclub.com/ip/1708287772"
"3E173A4DC1","Country Pasta Homemade Style Egg Pasta 56 oz.","0.1425","$7.98 / 56 oz","sold","no","SHIPPING-ONLY at Omaha 68137 (rendered PDP: Pickup Not available, Delivery Not available), so no in-club shelf price is obtainable. Displayed price $7.98; the SSR channel JSON also carries a PICKUP price of $7.28 (= $0.1300/oz) for an unavailable pickup channel, so treat that as unverified. This is the ONLY egg-noodle product in the Omaha catalog across searches for egg noodles / noodles / egg pasta. https://www.samsclub.com/ip/13902860744"
"06529930E3","Member's Mark No Rinse Floor Cleaner, 1 gal.","0.0545","$6.98 / (1 gal = 128 fl oz)","sold","yes","Club price, pickup available, shipping not offered, no promo. Sam's own unit price reads $0.05/foz which reconciles to 128 floz. Next cheapest floor-usable liquid is Pine-Sol Multi-Surface 2 ct 120 fl oz $12.98 = $0.1082/floz, but that is a multi-surface cleaner not a floor cleaner. https://www.samsclub.com/ip/13605802628"
"3ADE5B1DEF","Member's Mark Thyme Leaves, 8.25 oz.","0.8776","$7.24 / 8.25 oz","sold","yes","Club price, pickup available, no promo. Only dried thyme SKU in the Omaha catalog. https://www.samsclub.com/ip/13908405858"
"D0DB21A43D","Member's Mark Hand Sanitizer, 67.6 fl. oz.","0.0877","$5.93 / 67.6 fl oz","sold","yes","CLUB price with INSTANT SAVINGS: now $5.93, was $7.93, $2 off, limit 3, ends Aug 16. At regular $7.93 = $0.1173/floz, still cheapest (Purell Advanced Gel 33.8 fl oz $7.48 = $0.2213/floz). https://www.samsclub.com/ip/13953261756"
"65A12F5228","Member's Mark White Sesame Seed, 20.5 oz.","0.4380","$8.98 / 20.5 oz","sold","no","SHIPPING-ONLY at Omaha 68137 (Pickup Not available), so no in-club shelf price. Member's Mark BLACK Sesame Seed 22 oz $8.98 = $0.4082/oz is marginally cheaper and is also shipping-only; I report the plain white seed as the base commodity. No other sesame seed SKU found. https://www.samsclub.com/ip/17777018655"
"E498D57D33","Yellow Potatoes, 8 lbs.","0.9550","$7.64 / 8 lbs","sold","yes","Club price, pickup available, shipping not offered, no promo. Sam's unit price reads $0.95/lb. Sold as generic Yellow Potatoes (no Yukon Gold branding in the Omaha catalog). Red 8 lbs $6.92 = $0.865/lb and Russet 10 lbs $4.56 = $0.456/lb are different commodities. https://www.samsclub.com/ip/13627465967"
"42EF303012","Libby's 100% Pure Pumpkin, 29 oz., 3 pk.","0.0871","$7.58 / (3 x 29 oz = 87 oz)","sold","yes","Club price $7.58, no promo, but PICKUP shows OUT OF STOCK at Omaha today (shipping available at the same $7.58). Price is the club price; stock is the caveat. Only 100% puree SKU carried. https://www.samsclub.com/ip/13662564396"
"0552EF9B43","Member's Mark Organic Mango Chunks, Frozen, 4 lbs.","0.1306","$8.36 / (4 lbs = 64 oz)","sold","yes","Club price $8.36 ($2.09/lb), no promo, shipping not offered, PICKUP shows OUT OF STOCK today. CLOSE CALL: this is the ONLY frozen fruit product in the Omaha online catalog. Searched frozen fruit / frozen berries / frozen mixed berries / frozen berry blend / triple berry blend / frozen strawberries / wild blueberries frozen - every berry hit was FRESH produce (Blueberries 18 oz $7.23, Raspberries 12 oz $2.97, Organic Strawberries 2 lbs $5.76). If the board's commodity means frozen BERRIES specifically, Sam's Omaha appears not to carry one online. https://www.samsclub.com/ip/19335956734"
"140414F657","Rising Star Baking Supply Pure Vanilla Extract, 8 fl. oz.","1.1225","$8.98 / 8 fl oz","sold","yes","Club price, pickup available, no promo. CLOSE CALL: McCormick IMITATION Vanilla Flavor 32 fl oz $6.22 = $0.1944/floz is far cheaper but is imitation flavor, not extract, so it is excluded. Cheapest true extract; McCormick Pure Vanilla Extract 8 fl oz is $10.48 = $1.3100/floz. https://www.samsclub.com/ip/19278167549"
"0EAB6E7B43","Member's Mark Diced Tomatoes in Tomato Juice, 14.5 oz., 12 pk.","0.0556","$9.68 / (12 x 14.5 oz = 174 oz)","sold","yes","Club price, pickup available, no promo. TRAP AVOIDED: Hunt's Fire Roasted Diced Tomatoes 14.5 oz 8 pk shows a $4.98 PICKUP price in the page's SSR JSON, but the rendered PDP says Pickup Not available and displays $9.88 shipping - that $4.98 is a phantom channel price. Ro-Tel Diced Tomatoes & Green Chilies 10 oz 8 ct $7.98/80 oz = $0.0998/oz. https://www.samsclub.com/ip/19396803121"
"839FBA1AE3","Member's Mark All Purpose Flour, 25 lbs.","0.3392","$8.48 / 25 lbs","sold","yes","Club price, pickup available, no promo. Gold Medal All Purpose 12 lbs $6.72 = $0.5600/lb is the next cheapest. https://www.samsclub.com/ip/13602764464"
"94FEF4AC89","Extra Lean Premium Ham, 1.25 lbs each., 2 pk.","0.2060","$8.24 / (2 x 1.25 lb = 2.5 lb = 40 oz)","sold","yes","Club price, pickup available, shipping not offered, no promo. Verified on the rendered PDP: breadcrumb Grocery/Deli/Lunch Meat, Net Weight 40 oz, $3.30/lb, Omaha Sam's Club. Member's Mark Uncured Black Forest Ham Sliced 22 oz $6.97 = $0.3168/oz is the packaged-deli alternative; deli-counter Black Forest priced per pound is $3.48/lb = $0.2175/oz. https://www.samsclub.com/ip/13727672617"
"67CFC4821A","Tri-Color Coleslaw, 2 lbs.","0.0731","$2.34 / (2 lbs = 32 oz)","sold","yes","Club price, pickup available, shipping not offered, no promo. Sam's unit price reads $1.17/lb. Only coleslaw/shredded-cabbage SKU in the Omaha catalog. https://www.samsclub.com/ip/13608363263"
"00F1235EB8","Olive Garden Signature Italian Dressing, 24 oz., 2 pk.","0.1663","$7.98 / (2 x 24 fl oz = 48 fl oz)","sold","yes","Club price, pickup available, no promo. CLOSE CALL: Member's Mark Food Service Italian Dressing 128 fl oz $9.48 = $0.0741/floz and Wish-Bone Italian 36 oz 2 pk $7.98 = $0.1108/floz are both cheaper but BOTH are SHIPPING-ONLY at Omaha (Pickup Not available), so Olive Garden is the cheapest genuinely in-club Italian dressing. The MM Food Service SSR JSON also shows a $9.24 pickup price on an unavailable channel. https://www.samsclub.com/ip/7020083821"
"A6EA67F60F","Jimmy Dean Sweet Maple Griddle Cake Breakfast Sandwich, Frozen, 12 ct.","1.0517","$12.62 / 12 ct","sold","yes","12 count. CLUB price with INSTANT SAVINGS: now $12.62, was $14.87. Pickup shows OUT OF STOCK today (shipping not offered). At the regular $14.87 = $1.2392/ea, Jimmy Dean Sausage Egg & Cheese Croissant 12 ct $13.98 = $1.1650/ea would be cheaper (that one has no promo, also pickup out of stock). Member's Mark Uncured Ham & Swiss Croissant $12.36 = $1.54/ea. https://www.samsclub.com/ip/13597109671"
"4F85BEBADD","JIFFY Corn Muffin Mix, 40 oz.","0.0705","$2.82 / 40 oz","sold","no","SHIPPING-ONLY at Omaha 68137 (Pickup Not available), so no in-club shelf price is obtainable. Displayed price $2.82 ($0.07/oz). The only other corn muffin mix, Krusteaz Gluten Free Honey Cornbread & Muffin Mix $12.24 ($0.27/oz), is ALSO pickup-not-available, so Sam's Omaha appears to have no in-club corn muffin mix online. https://www.samsclub.com/ip/13875408667"
"232ABE7372","Snack Pack Pudding Variety Pack, 3.25 oz., 36 pk.","0.2411","$8.68 / 36 ct","sold","yes","36 count. CLUB price with INSTANT SAVINGS: now $8.68, was $9.68. Pickup available. At the regular $9.68 the per-each is $0.2689. Only pudding-cup SKU in the Omaha catalog. https://www.samsclub.com/ip/20294160940"
"53168453AB","Member's Mark Salt-Free Curry Powder, 18 oz.","0.4989","$8.98 / 18 oz","sold","yes","Club price, pickup available, no promo. Only curry powder SKU in the Omaha catalog. https://www.samsclub.com/ip/13629410820"
"802ADB55AB","Great Value Chili Powder, 3 oz","0.3600","$1.08 / 3 oz","sold","yes","Store-brand wins. Walmart's own unit price agrees (36.0 c/oz) and name size matches derived size. Next: GV Dark Chili Powder 5.8 oz $4.22 = $0.7280/oz. Excluded chili SEASONING mix (different commodity). https://www.walmart.com/ip/Great-Value-Chili-Powder-3-oz/157643393"
"1583949A8B","Great Value Uncoated Paper Plates, 9 in, 300 Count","0.0376","$11.27 / 300 ct","sold","yes","Basis = per plate. Cheapest single shelf pack; PDP confirms ONLINE_AND_STORE IN_STOCK, $3.76/100ct. EXCLUDED as online-only bundle: (6 pack) GV Economy 6 in Paper Plates 90 count $12.72 = $0.0236/plate - no single-pack listing of that item exists at this store. Also excluded GV Seasonal 10 in 30 Count $3.48: Walmart's unit price implies 100 ct but the NAME says 30 ct (derived-size conflict, name wins = $0.116/plate). https://www.walmart.com/ip/Great-Value-Uncoated-Paper-Plates-9-300ct/11303939"
"8E90E6E2FB","Red Diamond Sweet Tea, Gallon, 128 Fl Oz","0.0253","$3.24 / 128 fl oz","sold","yes","STORE_ONLY IN_STOCK, so it is a shelf item. Beats Great Value Sweet Brewed Iced Tea 128 fl oz at $3.27 = $0.0256/fl oz. AriZona gallon $3.47 = $0.0271. https://www.walmart.com/ip/Red-Diamond-Sweet-Tea-1-gal/10321291"
"239EA18CC7","Freshness Guaranteed Blueberry Muffins, 12 oz, 12 Count","0.3725","$4.47 / 12 ct","sold","yes","Basis = per muffin. STORE_ONLY IN_STOCK (Walmart's in-store bakery brand). These are ~1 oz mini muffins. If the board means a JUMBO bakery muffin the basis differs sharply: Marketside Baked Blueberry Muffins 14 oz 9 Count $4.97 = $0.5522 ea; Marketside Blueberry Streusel 14 oz 4 Pack $4.46 = $1.1150 ea. https://www.walmart.com/ip/Freshness-Guaranteed-Blueberry-Muffin-12x12oz/18382403011"
"FD0327F571","Sun-Maid California Sun-Dried Raisins 32oz Resealable Stand-Up Bag","0.2178","$6.97 / 32 oz","sold","yes","Beats Great Value Raisins 12 oz $2.62 = $0.2183/oz by a hair. NOTE a derived-size conflict on 'Great Value All-Natural California Raisins 24 oz' $4.38: Walmart's unit price 21.9 c/oz backs out to 20 oz, and a sibling listing of the same price is titled '20 oz Canister' - the 24 oz title looks stale, so I did NOT use $4.38/24 = $0.1825/oz. https://www.walmart.com/ip/Sun-Maid-California-Sun-Dried-Raisins-32oz-Resealable-Stand-Up-Bag/121660343"
"4F11034F3E","Mama Lupe's White Corn Tortilla Chips, 10 Oz","0.1430","$1.43 / 10 oz","sold","yes","STORE_ONLY IN_STOCK. Near-tie with Great Value Restaurant Style Tortilla Chips Party Size 17 oz $2.44 = $0.1435/oz. EXCLUDED as online-only bundle: (3 pack) GV Bite Size Tortilla Chips 32 oz $8.01 = $0.0834/oz - no single 32 oz bag is listed at this store and $2.67/32oz contradicts the $2.67/18oz party-size shelf price. https://www.walmart.com/ip/Mama-Lupe-s-White-Corn-Tortilla-Chips-10-Oz/116676576"
"1B72DE95D6","Cloralen Liquid Laundry Stain Remover Detergent, 60.8 fl oz","0.0653","$3.97 / 60.8 fl oz","sold","yes","CLOSE CALL: name carries the word 'Detergent' - it is marketed as a laundry stain remover but may be adjudged a detergent rather than a pre-treat. PDP verified ONLINE_AND_STORE IN_STOCK at $3.97 / 6.5 c per fl oz. If the commodity is strictly a pre-treat spray, the store-brand answer is Great Value Laundry Stain Remover Spray 22 fl oz $2.24 = $0.1018/fl oz (verified in stock); OxiClean Refill 56 fl oz $5.68 = $0.1014/fl oz. https://www.walmart.com/ip/Cloralen-Liquid-Laundry-Stain-Remover-Detergent/21268941"
"6559532C0A","Great Value Garlic Powder, 3.4 oz","0.3176","$1.08 / 3.4 oz","sold","yes","Verified ONLINE_AND_STORE IN_STOCK. Note GV Granulated Garlic 26 oz is much dearer at $15.52 = $0.5970/oz, so bulk does NOT win here. https://www.walmart.com/ip/Great-Value-Garlic-Powder-3-4-oz/676979470"
"EB74511E66","Great Value Sweetened Condensed Milk, 14 oz","0.1764","$2.47 / 14 oz","sold","yes","CLOSE CALL: Great Value FAT FREE Sweetened Condensed Milk 14 oz is cheaper at $2.23 = $0.1593/oz. I chose the full-fat regular as the commodity since fat-free behaves differently in recipes; if the board accepts fat-free, the cheapest is $0.1593. Eagle Brand 14 oz $2.87 = $0.2050/oz. https://www.walmart.com/ip/Great-Value-Sweetened-Condensed-Milk-14-oz/10534165"
"48E8FFAE0E","Maruchan Ramen Noodle Soup, Chicken Flavor Instant Noodles, 3 oz, pack of 12","0.3225","$3.87 / 12 ct","sold","yes","Basis = per 3 oz ramen pack. 12-count sleeve beats the single pack at $0.50 ea. Rate independently confirmed by the 24-ct ($7.74) and 48-ct ($15.48) listings, all $0.3225/pack. No Great Value ramen exists. WARNING for the pipeline: Walmart's unitPrice on the 24/48-ct listings is broken (quotes 0.9 c/oz, ~12x too low). https://www.walmart.com/ip/Maruchan-Ramen-Noodle-Chicken-Flavor-Soup-3-oz-12-Count-Shelf-Stable-Package/10450904"
"FE257B7670","Equate Mouthwash, Fresh Mint, 1.5 L (50.7 fl oz)","0.0704","$3.57 / 50.7 fl oz","sold","yes","Store brand. Verified ONLINE_AND_STORE IN_STOCK. Slightly cheaper if the twinpack counts as a shelf SKU: Equate Antiseptic Mouthwash Blue Mint 1.5 L 2 Count $6.98 = $0.0688/fl oz. The (4 pack) at $14.28 prices to the same $0.0704, corroborating the single-bottle rate. https://www.walmart.com/ip/Equate-Mouthwash-Mint-Fresh-50-7-fl-oz/24288304"
"1FEF6B7407","Country Kitchen Original Pancake Syrup, 36 fl oz Bottle","0.0789","$2.84 / 36 fl oz","sold","yes","Verified ONLINE_AND_STORE IN_STOCK. Beats Great Value Original Syrup 36 fl oz $3.12 = $0.0867/fl oz. This is pancake (table) syrup, NOT pure maple - if the commodity means real maple the cheapest is far higher. https://www.walmart.com/ip/Country-Kitchen-Original-Pancake-Syrup-36-fl-oz-Bottle/20918570"
"47EF9066FE","Great Value Heavy Duty Scrub Sponges, 8 Count","0.4850","$3.88 / 8 ct","sold","yes","Basis = per sponge. Exact tie with Brillo Basics Estracell Heavy Duty Scrub Sponges 2 Count $0.97 = $0.4850 ea. No cheaper plain-cellulose GV sponge exists at this store. https://www.walmart.com/ip/Great-Value-Heavy-Duty-Scrub-Sponges-8-Count/3342234359"
"C96DCCFA61","Great Value Classic Ranch Dressing & Dip, 36 fl oz","0.1103","$3.97 / 36 fl oz","sold","yes","Verified ONLINE_AND_STORE IN_STOCK. GV Buttermilk Ranch 36 fl oz is the same price. Kraft Classic Ranch 8 fl oz $1.00 = $0.1250/fl oz. https://www.walmart.com/ip/Great-Value-Classic-Ranch-Dressing-36-fl-oz/22282307"
"0A02217A7A","Great Value Gluten-Free Vegetable Broth, 32 oz Carton, Shelf-Stable","0.0469","$1.50 / 32 fl oz","sold","yes","Verified ONLINE_AND_STORE IN_STOCK on a second PDP read (a first read returned a transient OUT_OF_STOCK with no price - worth knowing that Walmart PDPs can flap). Runner-up GV Organic Vegetable Broth 32 oz $1.98 = $0.0619/fl oz; Swanson 32 oz $2.27 = $0.0709. https://www.walmart.com/ip/Great-Value-Vegetable-Broth-32-oz-Carton-Shelf-Stable-Ambient-Gluten-Free/54258473"
"F9E953400F","President Crumbled Feta Cheese, 12 oz (Refrigerated)","0.5633","$6.76 / 12 oz","sold","yes","STORE_ONLY IN_STOCK. There is NO Great Value feta at this store - I checked the store-brand term explicitly. Runner-up Athenos Crumbled Traditional Feta 12 oz $6.92 = $0.5767/oz; cheapest small pack Frigo Crumbled 5 oz $3.28 = $0.6560/oz. https://www.walmart.com/ip/President-Crumbled-Feta-Cheese-12-oz-Refrigerated/122250650"
"5F4B6E79CC","Great Value Classic Ranch Salad Dressing & Recipe Mix, 1 oz Packets, 4 Count","0.5300","$2.12 / 4 oz","sold","yes","Priced on the PACKET form because the commodity label says (packet). Verified ONLINE_AND_STORE IN_STOCK. If the board allows the bulk canister the cheapest is Great Value Classic Ranch Salad Dressing & Recipe Mix 8 oz Canister $3.62 = $0.4525/oz. Single 1 oz packet $0.58 = $0.5800/oz. Hidden Valley 8 oz $8.87 = $1.1100/oz. https://www.walmart.com/ip/Great-Value-Classic-Ranch-Salad-Dressing-Recipe-Mix-1-oz-Packets-4-Count/932968525"
"299CD0CF6A","Marketside Fresh Sugar Snap Peas, 8 oz","0.3163","$2.53 / 8 oz","sold","yes","STORE_ONLY IN_STOCK. This is the ONLY genuine pure sugar snap pea item at this store. EXCLUDED Great Value Sugar Snap Pea Stir-Fry 20 oz frozen $2.72 = $0.1360/oz - the name and Walmart's own category say 'Vegetables Mix', so it is a stir-fry blend, not snap peas. That is exactly the kind of row a keyword matcher would hijack. https://www.walmart.com/ip/Marketside-Fresh-Sugar-Snap-Peas-8-oz/13399614"
"1F91860448","Great Value Dijon Mustard, 12 oz","0.1433","$1.72 / 12 oz","sold","yes","Store brand wins by a wide margin. Grey Poupon 16 oz $4.38 = $0.2740/oz; French's 12 oz $3.36 = $0.2800/oz. Ignored a CanadaGroceryStore marketplace listing priced per mL. https://www.walmart.com/ip/Great-Value-Dijon-Mustard-12-oz-Squeeze-Bottle/10315545"
"92A019B19C","Marketside Fresh Asparagus Spears, 10 oz","6.3520","$3.97 / 0.625 lb","sold","yes","STORE_ONLY IN_STOCK. Cheapest FRESH asparagus with a stated weight. IMPORTANT: 'Fresh Green Whole Asparagus Bunch' is $2.97 and would likely be cheaper per lb, but Walmart publishes NO weight for it (no unit price, no weight field, nothing in the PDP payload) so I refuse to derive a per-lb price from it. Non-fresh forms are much cheaper: GV Asparagus Cut Spears 14.5 oz CANNED $2.56 = $2.8248/lb (drained weight unknown); GV Asparagus Spears 8 oz FROZEN $3.24 = $6.4800/lb. https://www.walmart.com/ip/Marketside-Fresh-Asparagus-Spears-10-oz/44391242"
"4830F4E339","Farmland, Cooked Cubed Ham, 1 lb","0.3100","$4.96 / 16 oz","sold","yes","STORE_ONLY IN_STOCK. The cheaper Sugardale Cubed Hickory Smoked Ham 1 lb at $4.88 = $0.3050/oz is verified OUT_OF_STOCK at this store today, so I did not use it. Also John Morrell Diced Ham 8 oz $3.46 = $0.4325/oz; GV Smoked Diced Ham 5 oz can $1.72 = $0.3440/oz (canned). Sliced deli ham is cheaper still (FUD Sliced Cooked Ham 32 oz $9.98 = $0.3119/oz) but that is not diced/cubed ham. https://www.walmart.com/ip/Farmland-Cooked-Cubed-Ham-1-lb/10403361"
"803521DC0C","Fresh Whole Brussels Sprouts 1lb Bag, Fresh Produce","3.0200","$3.02 / 1 lb","sold","yes","Verified ONLINE_AND_STORE IN_STOCK. Priced as FRESH produce because the unit is lb. If the board's row accepts frozen, Great Value Brussels Sprouts 12 oz Bag frozen is $1.52 = $2.0267/lb (verified STORE_ONLY IN_STOCK) and would be the cheapest qualifying item by a wide margin - flag this row for a basis check. Fresh organic 16 oz $4.27 = $4.2700/lb. https://www.walmart.com/ip/Fresh-Brussels-Sprouts-1-lb-Bag/51259385"
