id	page_heading	vs_commodity	opens_board_item	note
ground-beef-8020	Fresh 80% Lean Ground Beef Value Pack	right	yes
avocados	Hass Avocados, Small	right	yes	was a Marzetti dressing on 10-02 run 1
fresh-basil	Local Roots Organic Basil	right	yes
blueberries	Flavor Ripe Blueberries 18 Oz	right	yes
butter	Land O Lakes Butter, Unsalted 4 Ea	right	yes
butternut-squash	Butternut Squash	right	yes
chuck-roast	Fresh Beef Chuck Roast, Boneless	right	yes
clementines	Halo Clementines	right	yes
coffee	Maxwell House Coffee, Decaf Original, Medium, Ground 29.3 Oz	right	yes
coffee-pods	Gevalia Coffee, 100% Arabica, Special Reserve, Medium, Costa Rica, K Cup Pods 10 Ea	right	yes
cooked-shredded-chicken	Curly's Hickory Smoked Pulled Chicken 16 Oz	right	yes
sponges	Mr. Clean Mr. Clean Magic Eraser Sponge, Shower & Tub Cleaner, Lemon, 3ct 3 Ct	wrong	yes	judgement: a bath cleaning eraser under Dish Sponges; the BOARD prices it
fresh-rosemary	Fresh Og Rosemary	right	yes
frosting	Betty Crocker Chocolate Frosting 16 Oz	right	yes
frozen-burritos	El Monterey Bean & Cheese Burritos 8 Ea	right	yes
frozen-waffles	Our Family Waffles, Whole Wheat 10 Ea	right	yes
garlic-bread	Our Family Slices Original Garlic Texas Toast 8 Ea	right	yes
ground-cinnamon	Cinnamon Twirls	wrong	yes	a bakery pastry under Ground Cinnamon; the BOARD prices it
ground-cumin	Sugar 'N Spice Cumin Ground Pp	right	yes
iced-tea	Twisted Tea Hard Iced Tea, Peach 24 Fl Oz	wrong	yes	an alcoholic malt drink under Iced Tea; the BOARD prices it
eggs	Large Grade A Eggs Our Family	right	yes
laundry-detergent	Arm & Hammer Detergent, Sensitive Skin, Free & Clear 140 Fl Oz	right	yes
mac-and-cheese	Kraft Spirals Original Cheese Flavor Mac & Cheese 4 Ea	right	yes
fresh-mint	Local Roots Organic Mint	right	yes
orange-juice	Kemps® 100% Pure Orange Juice From Concentrate .5 Gal. Jug	right	yes
pasta	Our Family Angel Hair 16 Oz	right	yes

